route_id,route_name,operator_name,operator_type,prefecture
1,（株）伊豆東海バス,熱海〜湯河原,32.0,神奈川県
1,（株）共同,子雀乗合バス,28.0,神奈川県
1,（株）沼津登山東海バス,三島〜元箱根,13.5,神奈川県
1,（株）沼津登山東海バス,三島エクスプレス,3.0,神奈川県
1,（株）中伊豆東海バス,伊豆新宿ライナー,2.0,神奈川県
1,（株）中国バス,夜行便　横浜線,1.0,神奈川県
1,（株）中国バス,夜行便　東京線,1.0,神奈川県
1,JRバステック（株）,御殿場プレミアムアウトレット号新宿号,0.7,神奈川県
1,JRバステック（株）,御殿場プレミアムアウトレット号東京号,0.7,神奈川県
1,JRバステック（株）,名古屋系統（超特急）,3.0,神奈川県
1,JRバステック（株）,名古屋系統（特急）,1.0,神奈川県
1,JRバス関東（株）,かぐや姫EXPRESS・ヤキソバEXPRESS,3.0,神奈川県
1,JRバス関東（株）,しみずライナー,3.1,神奈川県
1,JRバス関東（株）,ドリーム高松号/松山号/徳島号/高知号,4.0,神奈川県
1,JRバス関東（株）,ドリーム静岡・浜松号,2.0,神奈川県
1,JRバス関東（株）,ドリーム福井号,2.0,神奈川県
1,JRバス関東（株）,ドリーム和歌山号,1.0,神奈川県
1,JRバス関東（株）,プレミアム中央ドリーム号/中央ドリーム号/プレミアムドリーム号/ドリーム号/レディースドリーム号/プレミアムレディース,9.4,神奈川県
1,JRバス関東（株）,御殿場プレミアム・アウトレット号,2.0,神奈川県
1,JRバス関東（株）,駿府ライナー,6.0,神奈川県
1,JRバス関東（株）,新宿〜諏訪駅・岡谷駅,2.0,神奈川県
1,JRバス関東（株）,新宿ドリーム三河・なごや号,1.0,神奈川県
1,JRバス関東（株）,新宿ライナー三河・なごや号,1.0,神奈川県
1,JRバス関東（株）,青春中央ドリーム号/青春中央エコドリーム号/青春ドリーム号/青春レディースドリーム号/青春エコドリーム号/超得割青春号,10.0,神奈川県
1,JRバス関東（株）,知多シーガール号,2.0,神奈川県
1,JRバス関東（株）,中央ドリーム名古屋号,1.0,神奈川県
1,JRバス関東（株）,中央ライナー,2.5,神奈川県
1,JRバス関東（株）,東海道昼特急号/中央道昼特急号/青春昼特急号/プレミアム昼特急号,7.2,神奈川県
1,JRバス関東（株）,東京〜山中湖畔・河口湖,4.0,神奈川県
1,JRバス関東（株）,東名ハイウェイバス,8.0,神奈川県
1,JRバス関東（株）,房総なのはな号,23.2,神奈川県
1,JRバス東北（株）,ドリームふくしま・横浜号,1.0,神奈川県
1,JRバス東北（株）,ドリーム横浜・仙台号,1.0,神奈川県
1,JRバス東北（株）,ドリーム秋田・横浜号,1.0,神奈川県
1,JR四国バス（株）,ドリーム高松・松山号　松山・高松⇔東京・東京ディズニーランド,1.0,神奈川県
1,JR四国バス（株）,ドリーム高松号　観音寺・高松⇔新宿・東京・新木場,1.0,神奈川県
1,JR四国バス（株）,ドリーム高知号　高知・徳島⇔東京・新木場,1.0,神奈川県
1,JR四国バス（株）,ドリーム徳島号　阿南・徳島⇔新宿・東京・新木場,1.0,神奈川県
1,JR東海バス（株）,ドリームとよた号,1.0,神奈川県
1,JR東海バス（株）,ドリームなごや号_01_on,3.0,神奈川県
1,JR東海バス（株）,ドリームなごや号_02_on,3.0,神奈川県
1,JR東海バス（株）,ドリーム静岡・浜松号_01_on,2.0,神奈川県
1,JR東海バス（株）,ドリーム静岡・浜松号_02_on,2.0,神奈川県
1,JR東海バス（株）,ファンタジア号,1.0,神奈川県
1,JR東海バス（株）,レディースドリームなごや号,1.0,神奈川県
1,JR東海バス（株）,渋谷・新宿ライナー静岡号,8.0,神奈川県
1,JR東海バス（株）,渋谷・新宿ライナー浜松号,4.0,神奈川県
1,JR東海バス（株）,新宿ドリーム三河・なごや号,1.0,神奈川県
1,JR東海バス（株）,新宿ライナー三河・なごや号,1.0,神奈川県
1,JR東海バス（株）,青春ドリームなごや号,1.0,神奈川県
1,JR東海バス（株）,中央ドリームなごや号,1.0,神奈川県
1,JR東海バス（株）,東名ハイウェイバス_01_on,37.0,神奈川県
1,JR東海バス（株）,東名ハイウェイバス_03_on,37.0,神奈川県
1,エムケイ（株）,MKナイトシャトル　京都・大阪⇔東京便,1.0,神奈川県
1,エムケイ（株）,MKナイトシャトル　名古屋・豊田⇔東京便,1.0,神奈川県
1,おんたけ交通（株）,木曽福島・新宿線,2.0,神奈川県
1,しずてつジャストライン（株）,新静岡新宿線,15.0,神奈川県
1,しずてつジャストライン（株）,静岡横浜線,3.0,神奈川県
1,しずてつジャストライン（株）,静岡成田空港線,1.0,神奈川県
1,しずてつジャストライン（株）,東京清水線,5.0,神奈川県
1,フジエクスプレス,001,11.5,神奈川県
1,フジエクスプレス,134,21.0,神奈川県
1,ロウズ観光（株）,岡山・倉敷〜東京,1.0,神奈川県
1,伊豆箱根バス（株）,元箱根〜湯河原駅（湯河原駅方面）,1.0,神奈川県
1,伊豆箱根バス（株）,元箱根〜箱根園,0.0,神奈川県
1,伊豆箱根バス（株）,小田原フラワーガーデン〜小田原駅（けやき通り経由）,1.0,神奈川県
1,伊豆箱根バス（株）,小田原フラワーガーデン〜小田原駅（井細田駅経由）,2.0,神奈川県
1,伊豆箱根バス（株）,小田原駅〜湖尻〜箱根園,29.0,神奈川県
1,伊豆箱根バス（株）,小田原駅〜佐伯眼科,20.0,神奈川県
1,伊豆箱根バス（株）,小田原駅〜小田原フラワーガーデン（JA経由）,1.0,神奈川県
1,伊豆箱根バス（株）,小田原駅〜小田原フラワーガーデン_01_on,6.0,神奈川県
1,伊豆箱根バス（株）,小田原駅〜小田原フラワーガーデン_02_on,2.0,神奈川県
1,伊豆箱根バス（株）,小田原駅〜小田原フラワーガーデン_03_on,23.0,神奈川県
1,伊豆箱根バス（株）,小田原駅〜兎河原循環_01_on,39.0,神奈川県
1,伊豆箱根バス（株）,小田原駅〜兎河原循環_02_on,39.5,神奈川県
1,伊豆箱根バス（株）,小田原駅〜兎河原循環_03_on,39.5,神奈川県
1,伊豆箱根バス（株）,小田原駅〜箱根関所跡〜箱根園（BP・湯本駅経由）,30.0,神奈川県
1,伊豆箱根バス（株）,小田原駅〜箱根関所跡〜箱根園（BP経由）,30.0,神奈川県
1,伊豆箱根バス（株）,小田原駅〜箱根関所跡〜箱根園_01_on,30.0,神奈川県
1,伊豆箱根バス（株）,小田原駅〜箱根関所跡〜箱根園_02_on,30.0,神奈川県
1,伊豆箱根バス（株）,小田原駅〜箱根関所跡〜箱根園_03_on,30.0,神奈川県
1,伊豆箱根バス（株）,真鶴駅〜ケープ真鶴（海岸）,24.0,神奈川県
1,伊豆箱根バス（株）,真鶴駅〜ケープ真鶴（山まわり）,24.0,神奈川県
1,伊豆箱根バス（株）,真鶴駅〜岩,16.0,神奈川県
1,伊豆箱根バス（株）,真鶴駅〜岩（役場経由）,16.0,神奈川県
1,伊豆箱根バス（株）,大雄山駅〜道了尊,24.0,神奈川県
1,伊豆箱根バス（株）,湯河原駅〜奥湯河原,86.0,神奈川県
1,伊豆箱根バス（株）,湯河原駅〜元箱根（箱根方面）,1.0,神奈川県
1,伊豆箱根バス（株）,湯河原駅〜真鶴駅,1.0,神奈川県
1,伊豆箱根バス（株）,熱海駅〜箱根園（箱根方面）,11.0,神奈川県
1,伊豆箱根バス（株）,箱根園〜熱海駅（熱海駅方面）,12.0,神奈川県
1,伊那バス（株）,伊那線,16.0,神奈川県
1,伊那バス（株）,横浜線,17.0,神奈川県
1,伊那バス（株）,飯田線,2.0,神奈川県
1,伊予鉄道（株）,オレンジライナーえひめ　八幡浜・松山⇔東京,1.0,神奈川県
1,一畑バス（株）,東京〜松江・出雲線,1.0,神奈川県
1,宇和島自動車（株）,宇和島・松山⇔横浜・池袋・大宮,1.0,神奈川県
1,羽後交通（株）,レーク＆ポート号,1.0,神奈川県
1,羽田京急バス,蒲45,2.0,神奈川県
1,羽田京急バス,空51,34.0,神奈川県
1,羽田京急バス,川76,6.0,神奈川県
1,羽田京急バス,川77,4.0,神奈川県
1,遠州鉄道（株）,イーライナー,2.0,神奈川県
1,横浜京急バス,107,38.5,神奈川県
1,横浜京急バス,110,44.0,神奈川県
1,横浜京急バス,141,14.0,神奈川県
1,横浜京急バス,4,62.5,神奈川県
1,横浜京急バス,94,4.0,神奈川県
1,横浜京急バス,磯6,12.0,神奈川県
1,横浜京急バス,羽田空港〜港南台駅・戸塚駅,9.0,神奈川県
1,横浜京急バス,羽田空港〜山下公園・みなとみらい地区・赤レンガ倉庫,7.5,神奈川県
1,横浜京急バス,羽田空港〜新横浜（ホテルアソシア新横浜）・新横浜プリンスホテル,21.5,神奈川県
1,横浜京急バス,羽田空港〜二俣川駅,11.0,神奈川県
1,横浜京急バス,横浜駅（YCAT）〜東京ビッグサイト（お台場）,12.0,神奈川県
1,横浜京急バス,横浜駅（YCAT）〜東扇島,11.5,神奈川県
1,横浜京急バス,横浜駅・羽田空港〜上総牛久駅・茂原駅,3.0,神奈川県
1,横浜京急バス,上1,109.0,神奈川県
1,横浜京急バス,上2,36.0,神奈川県
1,横浜京急バス,上3,48.0,神奈川県
1,横浜京急バス,上5,6.0,神奈川県
1,横浜京急バス,上7,34.0,神奈川県
1,横浜京急バス,上大岡駅方面　金沢文庫駅ゆき,1.0,神奈川県
1,横浜京急バス,追1,54.0,神奈川県
1,横浜京急バス,追2,17.0,神奈川県
1,横浜京急バス,追20,3.0,神奈川県
1,横浜京急バス,追3,34.5,神奈川県
1,横浜京急バス,追6,11.0,神奈川県
1,横浜京急バス,追7,4.0,神奈川県
1,横浜京急バス,田17,50.0,神奈川県
1,横浜京急バス,能1,65.5,神奈川県
1,横浜京急バス,能2,39.0,神奈川県
1,横浜京急バス,八20,24.0,神奈川県
1,横浜京急バス,八21,52.0,神奈川県
1,横浜京急バス,八8,61.0,神奈川県
1,横浜京急バス,富1,5.0,神奈川県
1,横浜京急バス,富2,20.5,神奈川県
1,横浜京急バス,富3,25.5,神奈川県
1,横浜京急バス,富5,13.0,神奈川県
1,横浜京急バス,富6,13.0,神奈川県
1,横浜京急バス,文1,100.5,神奈川県
1,横浜京急バス,文10,66.0,神奈川県
1,横浜京急バス,文11,58.5,神奈川県
1,横浜京急バス,文12,7.0,神奈川県
1,横浜京急バス,文13,42.0,神奈川県
1,横浜京急バス,文15,11.0,神奈川県
1,横浜京急バス,文16,4.0,神奈川県
1,横浜京急バス,文17,15.0,神奈川県
1,横浜京急バス,文18,25.0,神奈川県
1,横浜京急バス,文19,19.0,神奈川県
1,横浜京急バス,文2,1.5,神奈川県
1,横浜京急バス,文20,20.0,神奈川県
1,横浜京急バス,文21,0.0,神奈川県
1,横浜京急バス,文3,17.5,神奈川県
1,横浜京急バス,文5,6.0,神奈川県
1,横浜京急バス,文6,4.0,神奈川県
1,横浜京急バス,文7,72.5,神奈川県
1,横浜京急バス,文8,62.0,神奈川県
1,横浜京急バス,文9,34.5,神奈川県
1,横浜京急バス,六1,47.0,神奈川県
1,横浜京急バス,六2,11.0,神奈川県
1,横浜京急バス,六3,58.0,神奈川県
1,横浜交通開発,磯117,38.0,神奈川県
1,横浜交通開発,磯61,73.0,神奈川県
1,横浜神奈交バス,戸09,39.0,神奈川県
1,横浜神奈交バス,戸22,151.0,神奈川県
1,横浜神奈交バス,戸33,45.0,神奈川県
1,横浜神奈交バス,戸37,13.0,神奈川県
1,横浜神奈交バス,東02,28.0,神奈川県
1,横浜神奈交バス,東04,12.0,神奈川県
1,横浜神奈交バス,東23,19.0,神奈川県
1,下津井電鉄（株）,岡山〜東京線,1.0,神奈川県
1,鴨川日東バス,アクシー号,5.0,神奈川県
1,関越交通（株）,富士急ハイランド線,999.9,神奈川県
1,関東バス（株）,ほの国号,1.0,神奈川県
1,関東バス（株）,マスカット号,1.0,神奈川県
1,関東バス（株）,やまと号,2.0,神奈川県
1,関東バス（株）,東京ミッドナイトエクスプレス京都号,1.0,神奈川県
1,関東自動車（株）,とちの木号,1.0,神奈川県
1,関東鉄道（株）,水戸駅南口〜あべの橋駅（JR天王寺駅）,1.0,神奈川県
1,岩手県交通（株）,盛岡・横浜線,1.0,神奈川県
1,岐阜バス観光（株）,高速新宿線,1.0,神奈川県
1,宮城交通（株）,仙台〜大阪線,1.0,神奈川県
1,宮城交通（株）,仙台〜名古屋線,1.0,神奈川県
1,京王バス,桜84,3.0,神奈川県
1,京王バス,南63,26.0,神奈川県
1,京王バス南（株）,新宿〜伊那・飯田線,9.0,神奈川県
1,京王バス南（株）,新宿〜甲府線,9.0,神奈川県
1,京王バス南（株）,新宿〜松本線,11.0,神奈川県
1,京王バス南（株）,新宿〜身延線,2.0,神奈川県
1,京王バス南（株）,新宿〜諏訪・岡谷・茅野線,6.0,神奈川県
1,京王バス南（株）,新宿〜白馬線,2.0,神奈川県
1,京王バス南（株）,新宿〜飛騨高山線,3.0,神奈川県
1,京王バス南（株）,新宿〜富士五湖線,10.0,神奈川県
1,京王バス南（株）,新宿〜富士山五合目線,0.6,神奈川県
1,京王バス南（株）,新宿〜名古屋線,2.0,神奈川県
1,京王バス南（株）,新宿〜木曽福島線,1.0,神奈川県
1,京王バス南（株）,新宿・渋谷〜三島・沼津線,1.0,神奈川県
1,京王バス南（株）,新宿・渋谷〜神戸姫路線,1.0,神奈川県
1,京王バス南（株）,新宿・渋谷〜静岡線,3.0,神奈川県
1,京王バス南（株）,新宿・渋谷〜大阪（阪急梅田）線,1.0,神奈川県
1,京王バス南（株）,新宿・渋谷〜浜松線,1.0,神奈川県
1,京阪バス（株）,京都・大津⇔上野・TDR・千葉,1.0,神奈川県
1,京阪バス（株）,枚方・京都⇔渋谷・新宿,1.0,神奈川県
1,京成バス（株）,ファンタジアなごや号,0.5,神奈川県
1,京成バス（株）,神戸・大阪〜東京ディズニーリゾート・海浜幕張・千葉中央駅,0.5,神奈川県
1,京成バス（株）,成田空港〜たまプラーザ駅・新百合ヶ丘駅,8.0,神奈川県
1,京成バス（株）,成田空港〜横浜シティ・エア・ターミナル・みなとみらい地区,9.5,神奈川県
1,京成バス（株）,成田空港〜新富士駅・沼津駅,2.0,神奈川県
1,京成バス（株）,成田空港〜相模大野駅・町田駅・橋本駅,8.0,神奈川県
1,京成バス（株）,成田空港〜中山駅・センター南駅,4.0,神奈川県
1,京成バス（株）,成田空港〜藤沢駅・辻堂駅・茅ヶ崎駅,3.0,神奈川県
1,京成バス（株）,成田空港〜本厚木駅・平塚（田村車庫）,3.5,神奈川県
1,京成バス（株）,潮見・東京駅〜木更津駅・君津製鉄所,15.0,神奈川県
1,京成バス（株）,津田沼・西船橋・新浦安〜富士急ハイランド・河口湖線,0.4,神奈川県
1,京成バス（株）,東京ディズニーリゾート〜たまプラーザ駅,5.0,神奈川県
1,京成バス（株）,東京ディズニーリゾート〜横浜駅東口,13.0,神奈川県
1,京成バス（株）,東京ディズニーリゾート〜蒲田駅・川崎駅,2.5,神奈川県
1,京成バス（株）,奈良〜上野・東京ディズニーリゾート,0.5,神奈川県
1,京成バス（株）,浜松町・東京駅〜かずさアーク・安房鴨川駅,10.0,神奈川県
1,京成バス（株）,浜松町・東京駅〜君津駅・青堀駅,22.0,神奈川県
1,京成バス（株）,浜松町・東京駅〜勝浦・御宿・安房小湊,2.0,神奈川県
1,京都交通（株）,舞鶴・綾部・福知山〜東京,1.0,神奈川県
1,京浜急行バス（株）,001,12.0,神奈川県
1,京浜急行バス（株）,エディ号,2.0,神奈川県
1,京浜急行バス（株）,キャメル号,1.0,神奈川県
1,京浜急行バス（株）,シルフィード号,1.0,神奈川県
1,京浜急行バス（株）,センター北駅・センター南駅〜羽田空港線,8.5,神奈川県
1,京浜急行バス（株）,たまプラーザ駅〜羽田空港線,17.5,神奈川県
1,京浜急行バス（株）,ノクターン号,3.4,神奈川県
1,京浜急行バス（株）,パイレーツ号,1.0,神奈川県
1,京浜急行バス（株）,ルプラン号,1.0,神奈川県
1,京浜急行バス（株）,衣13,3.0,神奈川県
1,京浜急行バス（株）,衣14,1.0,神奈川県
1,京浜急行バス（株）,衣19,16.0,神奈川県
1,京浜急行バス（株）,衣2,17.0,神奈川県
1,京浜急行バス（株）,衣25,27.0,神奈川県
1,京浜急行バス（株）,衣3,5.5,神奈川県
1,京浜急行バス（株）,衣4,6.5,神奈川県
1,京浜急行バス（株）,衣5,11.0,神奈川県
1,京浜急行バス（株）,衣6,5.0,神奈川県
1,京浜急行バス（株）,羽田空港〜町田バスセンター・相模大野駅線,13.0,神奈川県
1,京浜急行バス（株）,横浜（YCAT）〜横須賀西地区線,9.0,神奈川県
1,京浜急行バス（株）,横浜駅（YCAT）〜成田空港線,24.0,神奈川県
1,京浜急行バス（株）,横浜駅（YCAT）〜東京ビッグサイト　（お台場）線,12.0,神奈川県
1,京浜急行バス（株）,横浜駅（YCAT）〜東扇島線,11.5,神奈川県
1,京浜急行バス（株）,横浜駅（東口バスターミナル）〜東京ディズニーリゾート線,13.0,神奈川県
1,京浜急行バス（株）,横浜駅〜羽田空港線,129.0,神奈川県
1,京浜急行バス（株）,横浜駅〜五井駅線,6.0,神奈川県
1,京浜急行バス（株）,横浜駅〜袖ヶ浦バスターミナル・木更津駅線,20.0,神奈川県
1,京浜急行バス（株）,横浜駅西口（横浜ベイシェラトンホテル＆タワーズ）〜羽田空港線,6.0,神奈川県
1,京浜急行バス（株）,海3,11.0,神奈川県
1,京浜急行バス（株）,海30,17.5,神奈川県
1,京浜急行バス（株）,海31,23.0,神奈川県
1,京浜急行バス（株）,海34,22.0,神奈川県
1,京浜急行バス（株）,海35,14.5,神奈川県
1,京浜急行バス（株）,鴨01,6.0,神奈川県
1,京浜急行バス（株）,栢93,1.5,神奈川県
1,京浜急行バス（株）,栢98,2.0,神奈川県
1,京浜急行バス（株）,久1,66.0,神奈川県
1,京浜急行バス（株）,久10,76.0,神奈川県
1,京浜急行バス（株）,久11,4.0,神奈川県
1,京浜急行バス（株）,久13,5.0,神奈川県
1,京浜急行バス（株）,久14,999.9,神奈川県
1,京浜急行バス（株）,久15,7.0,神奈川県
1,京浜急行バス（株）,久16,3.5,神奈川県
1,京浜急行バス（株）,久17,1.5,神奈川県
1,京浜急行バス（株）,久19,17.0,神奈川県
1,京浜急行バス（株）,久2,6.0,神奈川県
1,京浜急行バス（株）,久20,82.5,神奈川県
1,京浜急行バス（株）,久3,25.0,神奈川県
1,京浜急行バス（株）,久4,39.0,神奈川県
1,京浜急行バス（株）,久5,2.0,神奈川県
1,京浜急行バス（株）,久7,28.5,神奈川県
1,京浜急行バス（株）,久8,28.0,神奈川県
1,京浜急行バス（株）,久9,5.0,神奈川県
1,京浜急行バス（株）,急行,15.0,神奈川県
1,京浜急行バス（株）,君津〜羽田空港線,11.5,神奈川県
1,京浜急行バス（株）,五井駅・東金駅〜羽田空港線,11.0,神奈川県
1,京浜急行バス（株）,御殿場・箱根桃源台〜羽田空港線,4.0,神奈川県
1,京浜急行バス（株）,港南台駅・戸塚駅〜羽田空港線,9.0,神奈川県
1,京浜急行バス（株）,甲府駅・竜王〜羽田空港線,2.0,神奈川県
1,京浜急行バス（株）,国01,4.5,神奈川県
1,京浜急行バス（株）,国01-2,4.0,神奈川県
1,京浜急行バス（株）,国02,8.0,神奈川県
1,京浜急行バス（株）,国04,9.5,神奈川県
1,京浜急行バス（株）,三10,2.5,神奈川県
1,京浜急行バス（株）,三11,3.5,神奈川県
1,京浜急行バス（株）,三12,12.5,神奈川県
1,京浜急行バス（株）,三13,2.0,神奈川県
1,京浜急行バス（株）,三14,1.0,神奈川県
1,京浜急行バス（株）,三21,1.5,神奈川県
1,京浜急行バス（株）,三22,2.5,神奈川県
1,京浜急行バス（株）,三24,16.0,神奈川県
1,京浜急行バス（株）,三26,11.5,神奈川県
1,京浜急行バス（株）,三4,45.0,神奈川県
1,京浜急行バス（株）,三5,18.5,神奈川県
1,京浜急行バス（株）,三51,1.0,神奈川県
1,京浜急行バス（株）,三52,2.0,神奈川県
1,京浜急行バス（株）,三53,1.0,神奈川県
1,京浜急行バス（株）,三54,3.0,神奈川県
1,京浜急行バス（株）,三55,1.0,神奈川県
1,京浜急行バス（株）,三56,3.0,神奈川県
1,京浜急行バス（株）,三61,5.0,神奈川県
1,京浜急行バス（株）,三7,2.0,神奈川県
1,京浜急行バス（株）,三8,20.0,神奈川県
1,京浜急行バス（株）,三9,32.0,神奈川県
1,京浜急行バス（株）,山下公園・みなとみらい地区・赤レンガ倉庫〜羽田空港線,12.5,神奈川県
1,京浜急行バス（株）,汐10,65.5,神奈川県
1,京浜急行バス（株）,汐16,14.0,神奈川県
1,京浜急行バス（株）,小11,12.5,神奈川県
1,京浜急行バス（株）,小12,2.0,神奈川県
1,京浜急行バス（株）,小13,999.9,神奈川県
1,京浜急行バス（株）,小14,5.0,神奈川県
1,京浜急行バス（株）,小15,10.0,神奈川県
1,京浜急行バス（株）,小19,1.5,神奈川県
1,京浜急行バス（株）,松102,6.0,神奈川県
1,京浜急行バス（株）,松51,16.0,神奈川県
1,京浜急行バス（株）,松62,7.2,神奈川県
1,京浜急行バス（株）,松64,1.0,神奈川県
1,京浜急行バス（株）,松66,14.5,神奈川県
1,京浜急行バス（株）,松72-1,1.5,神奈川県
1,京浜急行バス（株）,松72-2,2.0,神奈川県
1,京浜急行バス（株）,松74-1,4.0,神奈川県
1,京浜急行バス（株）,松74-2,3.0,神奈川県
1,京浜急行バス（株）,松75,0.0,神奈川県
1,京浜急行バス（株）,松76,1.2,神奈川県
1,京浜急行バス（株）,松78,1.5,神奈川県
1,京浜急行バス（株）,松79,1.0,神奈川県
1,京浜急行バス（株）,湘85,3.0,神奈川県
1,京浜急行バス（株）,上総牛久駅・茂原駅〜羽田空港線,3.0,神奈川県
1,京浜急行バス（株）,上大岡駅方面　金沢文庫駅ゆき,1.0,神奈川県
1,京浜急行バス（株）,新横浜プリンスホテル・新横浜〜羽田空港線,22.0,神奈川県
1,京浜急行バス（株）,新横浜駅（ホテルアソシア新横浜）・新横浜プリンスホテル〜成田空港線,10.0,神奈川県
1,京浜急行バス（株）,新百合ヶ丘駅〜羽田空港線,8.5,神奈川県
1,京浜急行バス（株）,新富士駅・富士宮駅〜羽田空港線,2.0,神奈川県
1,京浜急行バス（株）,須1,188.5,神奈川県
1,京浜急行バス（株）,須10,92.5,神奈川県
1,京浜急行バス（株）,須11,4.5,神奈川県
1,京浜急行バス（株）,須12,4.0,神奈川県
1,京浜急行バス（株）,須13,11.0,神奈川県
1,京浜急行バス（株）,須17,2.0,神奈川県
1,京浜急行バス（株）,須18,31.5,神奈川県
1,京浜急行バス（株）,須20,28.0,神奈川県
1,京浜急行バス（株）,須21,21.0,神奈川県
1,京浜急行バス（株）,須3,13.5,神奈川県
1,京浜急行バス（株）,須4,15.5,神奈川県
1,京浜急行バス（株）,須5,30.0,神奈川県
1,京浜急行バス（株）,須6,33.5,神奈川県
1,京浜急行バス（株）,須7,7.0,神奈川県
1,京浜急行バス（株）,須8,18.5,神奈川県
1,京浜急行バス（株）,逗1,18.0,神奈川県
1,京浜急行バス（株）,逗10,3.0,神奈川県
1,京浜急行バス（株）,逗11,10.0,神奈川県
1,京浜急行バス（株）,逗12,76.5,神奈川県
1,京浜急行バス（株）,逗13,2.0,神奈川県
1,京浜急行バス（株）,逗15,36.0,神奈川県
1,京浜急行バス（株）,逗16,23.5,神奈川県
1,京浜急行バス（株）,逗17,58.0,神奈川県
1,京浜急行バス（株）,逗18,38.0,神奈川県
1,京浜急行バス（株）,逗19,38.0,神奈川県
1,京浜急行バス（株）,逗2,16.0,神奈川県
1,京浜急行バス（株）,逗20,39.0,神奈川県
1,京浜急行バス（株）,逗22,62.0,神奈川県
1,京浜急行バス（株）,逗26,4.0,神奈川県
1,京浜急行バス（株）,逗29,33.0,神奈川県
1,京浜急行バス（株）,逗30,30.0,神奈川県
1,京浜急行バス（株）,逗31,3.0,神奈川県
1,京浜急行バス（株）,逗32,3.0,神奈川県
1,京浜急行バス（株）,逗4,9.0,神奈川県
1,京浜急行バス（株）,逗5,36.5,神奈川県
1,京浜急行バス（株）,逗6,42.0,神奈川県
1,京浜急行バス（株）,逗7,3.5,神奈川県
1,京浜急行バス（株）,逗71,13.5,神奈川県
1,京浜急行バス（株）,逗72,4.0,神奈川県
1,京浜急行バス（株）,逗8,5.0,神奈川県
1,京浜急行バス（株）,川崎駅・蒲田駅〜東京ディズニーリゾート（TDR）線,2.5,神奈川県
1,京浜急行バス（株）,川崎駅・浮島BT〜海ほたる〜袖ヶ浦BT・木更津駅線,7.0,神奈川県
1,京浜急行バス（株）,蘇我駅〜羽田空港線,5.0,神奈川県
1,京浜急行バス（株）,袖ヶ浦バスターミナル・木更津駅〜羽田空港線,10.0,神奈川県
1,京浜急行バス（株）,大船駅・鎌倉駅方面　逗子駅ゆき,1.0,神奈川県
1,京浜急行バス（株）,大船駅・藤沢駅〜羽田空港線,11.5,神奈川県
1,京浜急行バス（株）,谷57,1.0,神奈川県
1,京浜急行バス（株）,直行,2.5,神奈川県
1,京浜急行バス（株）,東16,4.0,神奈川県
1,京浜急行バス（株）,東17,5.0,神奈川県
1,京浜急行バス（株）,東18,1.0,神奈川県
1,京浜急行バス（株）,東19,2.0,神奈川県
1,京浜急行バス（株）,東62,2.0,神奈川県
1,京浜急行バス（株）,東63,4.5,神奈川県
1,京浜急行バス（株）,二俣川駅〜羽田空港線,11.0,神奈川県
1,京浜急行バス（株）,品川〜袖ヶ浦バスターミナル・木更津駅線,25.5,神奈川県
1,京浜急行バス（株）,北久11,40.5,神奈川県
1,京浜急行バス（株）,北久12,37.5,神奈川県
1,京浜急行バス（株）,北久13,47.0,神奈川県
1,京浜急行バス（株）,北久14,999.9,神奈川県
1,京浜急行バス（株）,北久15,999.9,神奈川県
1,京浜急行バス（株）,北久16,15.5,神奈川県
1,京浜急行バス（株）,北久17,18.0,神奈川県
1,京浜急行バス（株）,本厚木駅・田村車庫〜羽田空港線,6.5,神奈川県
1,京浜急行バス（株）,野1,28.0,神奈川県
1,京浜急行バス（株）,野2,32.0,神奈川県
1,京浜急行バス（株）,野3,23.5,神奈川県
1,京浜急行バス（株）,野4,45.5,神奈川県
1,京浜急行バス（株）,野5,92.0,神奈川県
1,京浜急行バス（株）,野6,10.0,神奈川県
1,京浜急行バス（株）,野7,0.0,神奈川県
1,京浜急行バス（株）,野8,21.0,神奈川県
1,京浜急行バス（株）,野9,21.5,神奈川県
1,京福バス（株）,東京線,3.0,神奈川県
1,琴平バス（株）,愛媛・高知シャトル,2.0,神奈川県
1,近鉄バス（株）,大阪⇔東京駅,1.0,神奈川県
1,近鉄バス（株）,大阪・茨木⇔新宿,1.0,神奈川県
1,近鉄バス（株）,大阪・茨木⇔新宿・八王子,1.0,神奈川県
1,近鉄バス（株）,大阪・京都⇔つくば・水戸,1.0,神奈川県
1,近鉄バス（株）,大阪・京都⇔久喜・栃木・宇都宮,1.0,神奈川県
1,近鉄バス（株）,大阪・京都⇔郡山・福島,1.0,神奈川県
1,近鉄バス（株）,大阪・京都⇔沼津・御殿場・新松田・小田原,1.0,神奈川県
1,近鉄バス（株）,大阪・京都⇔仙台,1.0,神奈川県
1,近鉄バス（株）,大阪・京都⇔川越・坂戸・熊谷,1.0,神奈川県
1,近鉄バス（株）,大阪・京都⇔日立・いわき,1.0,神奈川県
1,近鉄バス（株）,大日・茨木・京都⇔東京駅,1.0,神奈川県
1,近鉄バス（株）,藤井寺・大阪・京都⇔東京駅・横浜,1.0,神奈川県
1,弘南バス（株）,ノクターン号,1.0,神奈川県
1,江ノ電バス横浜・江ノ電バス藤沢,001,1.0,神奈川県
1,江ノ電バス横浜・江ノ電バス藤沢,10-1,3.0,神奈川県
1,江ノ電バス横浜・江ノ電バス藤沢,1-1,71.0,神奈川県
1,江ノ電バス横浜・江ノ電バス藤沢,11-1,11.0,神奈川県
1,江ノ電バス横浜・江ノ電バス藤沢,11-2,32.0,神奈川県
1,江ノ電バス横浜・江ノ電バス藤沢,1-2,41.5,神奈川県
1,江ノ電バス横浜・江ノ電バス藤沢,13,52.0,神奈川県
1,江ノ電バス横浜・江ノ電バス藤沢,1-3,33.5,神奈川県
1,江ノ電バス横浜・江ノ電バス藤沢,13-1,42.5,神奈川県
1,江ノ電バス横浜・江ノ電バス藤沢,14,2.0,神奈川県
1,江ノ電バス横浜・江ノ電バス藤沢,1-4,16.0,神奈川県
1,江ノ電バス横浜・江ノ電バス藤沢,15-1,62.5,神奈川県
1,江ノ電バス横浜・江ノ電バス藤沢,15-2,9.0,神奈川県
1,江ノ電バス横浜・江ノ電バス藤沢,17-2,60.0,神奈川県
1,江ノ電バス横浜・江ノ電バス藤沢,19,57.0,神奈川県
1,江ノ電バス横浜・江ノ電バス藤沢,20-2,38.5,神奈川県
1,江ノ電バス横浜・江ノ電バス藤沢,20-3,36.0,神奈川県
1,江ノ電バス横浜・江ノ電バス藤沢,20-4,33.0,神奈川県
1,江ノ電バス横浜・江ノ電バス藤沢,21,4.0,神奈川県
1,江ノ電バス横浜・江ノ電バス藤沢,2-3,28.0,神奈川県
1,江ノ電バス横浜・江ノ電バス藤沢,23-1,14.5,神奈川県
1,江ノ電バス横浜・江ノ電バス藤沢,23-2,39.0,神奈川県
1,江ノ電バス横浜・江ノ電バス藤沢,24-1,99.5,神奈川県
1,江ノ電バス横浜・江ノ電バス藤沢,24-2,27.0,神奈川県
1,江ノ電バス横浜・江ノ電バス藤沢,24-3,21.5,神奈川県
1,江ノ電バス横浜・江ノ電バス藤沢,24-4,47.0,神奈川県
1,江ノ電バス横浜・江ノ電バス藤沢,24-5,12.0,神奈川県
1,江ノ電バス横浜・江ノ電バス藤沢,24-6,88.0,神奈川県
1,江ノ電バス横浜・江ノ電バス藤沢,25-1,91.0,神奈川県
1,江ノ電バス横浜・江ノ電バス藤沢,25-2,79.0,神奈川県
1,江ノ電バス横浜・江ノ電バス藤沢,25-3,55.0,神奈川県
1,江ノ電バス横浜・江ノ電バス藤沢,25-4,45.0,神奈川県
1,江ノ電バス横浜・江ノ電バス藤沢,26,54.0,神奈川県
1,江ノ電バス横浜・江ノ電バス藤沢,28,4.0,神奈川県
1,江ノ電バス横浜・江ノ電バス藤沢,29,3.0,神奈川県
1,江ノ電バス横浜・江ノ電バス藤沢,3,8.5,神奈川県
1,江ノ電バス横浜・江ノ電バス藤沢,31-1,12.0,神奈川県
1,江ノ電バス横浜・江ノ電バス藤沢,31-2,7.0,神奈川県
1,江ノ電バス横浜・江ノ電バス藤沢,31-3,86.0,神奈川県
1,江ノ電バス横浜・江ノ電バス藤沢,32,24.0,神奈川県
1,江ノ電バス横浜・江ノ電バス藤沢,33,27.0,神奈川県
1,江ノ電バス横浜・江ノ電バス藤沢,34,39.0,神奈川県
1,江ノ電バス横浜・江ノ電バス藤沢,4,37.0,神奈川県
1,江ノ電バス横浜・江ノ電バス藤沢,42-1,16.0,神奈川県
1,江ノ電バス横浜・江ノ電バス藤沢,42-2,44.0,神奈川県
1,江ノ電バス横浜・江ノ電バス藤沢,42-3,9.0,神奈川県
1,江ノ電バス横浜・江ノ電バス藤沢,42-4,33.0,神奈川県
1,江ノ電バス横浜・江ノ電バス藤沢,44-1,1.0,神奈川県
1,江ノ電バス横浜・江ノ電バス藤沢,44-2,47.0,神奈川県
1,江ノ電バス横浜・江ノ電バス藤沢,45,47.0,神奈川県
1,江ノ電バス横浜・江ノ電バス藤沢,46,27.0,神奈川県
1,江ノ電バス横浜・江ノ電バス藤沢,5-1,16.0,神奈川県
1,江ノ電バス横浜・江ノ電バス藤沢,5-2,20.0,神奈川県
1,江ノ電バス横浜・江ノ電バス藤沢,5-3,20.5,神奈川県
1,江ノ電バス横浜・江ノ電バス藤沢,6,46.0,神奈川県
1,江ノ電バス横浜・江ノ電バス藤沢,7-1,17.5,神奈川県
1,江ノ電バス横浜・江ノ電バス藤沢,7-2,1.0,神奈川県
1,江ノ電バス横浜・江ノ電バス藤沢,7-3,36.0,神奈川県
1,江ノ電バス横浜・江ノ電バス藤沢,7-5,999.9,神奈川県
1,江ノ電バス横浜・江ノ電バス藤沢,8,49.0,神奈川県
1,江ノ電バス横浜・江ノ電バス藤沢,9,62.0,神奈川県
1,江ノ電バス横浜・江ノ電バス藤沢,さちが丘,206.0,神奈川県
1,江ノ電バス横浜・江ノ電バス藤沢,江バス1,32.0,神奈川県
1,江ノ電バス横浜・江ノ電バス藤沢,船05,46.5,神奈川県
1,江ノ電バス横浜・江ノ電バス藤沢,辻03,19.5,神奈川県
1,江ノ電バス横浜・江ノ電バス藤沢,藤04,40.5,神奈川県
1,江ノ電バス横浜・江ノ電バス藤沢,藤06,3.0,神奈川県
1,江ノ電バス藤沢,サザンクロス,1.0,神奈川県
1,江ノ電バス藤沢,レイク＆ポート号,1.0,神奈川県
1,江ノ電バス藤沢,羽田空港行き直行バス,11.5,神奈川県
1,江ノ電バス藤沢,横浜・鎌倉・藤沢〜金沢線,1.0,神奈川県
1,高知県交通（株）,ブルーメッツ号　高知⇔東京線,1.0,神奈川県
1,国際十王交通（株）,京都・大阪線,1.0,神奈川県
1,阪急バス（株）,横浜・品川・池袋行,1.0,神奈川県
1,阪急バス（株）,新宿・渋谷行,1.0,神奈川県
1,阪急バス（株）,東京・東京ディズニーリゾート・千葉行,1.0,神奈川県
1,阪神バス（株）,サラダエクスプレス　神戸・大阪⇔東京ディズニーリゾート,1.0,神奈川県
1,三交伊勢志摩交通（株）,鳥羽・伊勢〜東京・大宮,2.0,神奈川県
1,三重交通（株）,伊賀・四日市〜横浜・品川,1.0,神奈川県
1,三重交通（株）,勝浦・南紀〜横浜・東京・大宮,1.0,神奈川県
1,三重交通（株）,鳥羽・伊勢〜東京・大宮,2.0,神奈川県
1,山陽電気鉄道（株）,レッツ号　神戸・大阪・京都〜東京（立川）線,1.0,神奈川県
1,山梨交通（株）,駒ヶ根〜新宿,2.0,神奈川県
1,山梨交通（株）,甲府〜新宿線,9.0,神奈川県
1,山梨交通（株）,身延・身延山〜新宿線,4.0,神奈川県
1,山梨交通（株）,諏訪・岡谷〜新宿線,17.0,神奈川県
1,山梨交通（株）,北杜・白州〜新宿線,1.0,神奈川県
1,山梨交通（株）,竜王・甲府〜羽田空港線,2.0,神奈川県
1,山梨交通（株）,竜王・甲府〜成田空港線,3.0,神奈川県
1,四国高速バス（株）,ハローブリッジ号　善通寺・坂出⇔横浜・新宿・八王子,1.0,神奈川県
1,小田急シティバス（株）,002,0.0,神奈川県
1,小田急シティバス（株）,アクアライン高速バス,9.5,神奈川県
1,小田急シティバス（株）,エトワールセト号,1.0,神奈川県
1,小田急シティバス（株）,しまんとエクスプレス号,0.1,神奈川県
1,小田急シティバス（株）,ニューブリーズ号,2.0,神奈川県
1,小田急シティバス（株）,パピヨン号,1.0,神奈川県
1,小田急シティバス（株）,ブルーメッツ号,1.0,神奈川県
1,小田急シティバス（株）,ルミナス号,1.0,神奈川県
1,小田急バス（株）,アクアライン,9.5,神奈川県
1,小田急バス（株）,エトワールセト号,1.0,神奈川県
1,小田急バス（株）,しまんとエクスプレス号,1.0,神奈川県
1,小田急バス（株）,ニューブリーズ号,2.0,神奈川県
1,小田急バス（株）,パピヨン号,1.0,神奈川県
1,小田急バス（株）,ブルーメッツ号,1.0,神奈川県
1,小田急バス（株）,ルミナス号,1.0,神奈川県
1,小田急バス（株）,稲02,16.0,神奈川県
1,小田急バス（株）,柿20,2.0,神奈川県
1,小田急バス（株）,柿21,11.0,神奈川県
1,小田急バス（株）,柿22,72.0,神奈川県
1,小田急バス（株）,柿23,28.0,神奈川県
1,小田急バス（株）,柿24,16.0,神奈川県
1,小田急バス（株）,柿25,14.5,神奈川県
1,小田急バス（株）,吉07,0.0,神奈川県
1,小田急バス（株）,向10,71.5,神奈川県
1,小田急バス（株）,向11,55.0,神奈川県
1,小田急バス（株）,向12,37.5,神奈川県
1,小田急バス（株）,向13,45.0,神奈川県
1,小田急バス（株）,若11,1.0,神奈川県
1,小田急バス（株）,新01,62.5,神奈川県
1,小田急バス（株）,新02,67.0,神奈川県
1,小田急バス（株）,新03,23.0,神奈川県
1,小田急バス（株）,新04,38.5,神奈川県
1,小田急バス（株）,新05,11.0,神奈川県
1,小田急バス（株）,新06,41.5,神奈川県
1,小田急バス（株）,新07,27.0,神奈川県
1,小田急バス（株）,新10,39.0,神奈川県
1,小田急バス（株）,新15,82.5,神奈川県
1,小田急バス（株）,新17,65.0,神奈川県
1,小田急バス（株）,新18,14.0,神奈川県
1,小田急バス（株）,新19,20.0,神奈川県
1,小田急バス（株）,新20,17.0,神奈川県
1,小田急バス（株）,新21,16.5,神奈川県
1,小田急バス（株）,新22,9.5,神奈川県
1,小田急バス（株）,新23,29.0,神奈川県
1,小田急バス（株）,新25,15.0,神奈川県
1,小田急バス（株）,新百合ヶ丘駅〜たまプラーザ駅〜成田空港線,8.0,神奈川県
1,小田急バス（株）,新百合ヶ丘駅〜羽田空港線,10.0,神奈川県
1,小田急バス（株）,生田営業所〜あざみ野駅,1.0,神奈川県
1,小田急バス（株）,生田営業所〜向ヶ丘遊園駅,8.0,神奈川県
1,小田急バス（株）,生田営業所〜聖マリアンナ医科大学,8.0,神奈川県
1,小田急バス（株）,生田営業所〜西菅団地,1.0,神奈川県
1,小田急バス（株）,生田営業所〜百合ヶ丘駅,999.9,神奈川県
1,小田急バス（株）,生田営業所〜麻生区役所前,1.0,神奈川県
1,小田急バス（株）,鶴06,5.0,神奈川県
1,小田急バス（株）,鶴07,64.0,神奈川県
1,小田急バス（株）,鶴08,29.0,神奈川県
1,小田急バス（株）,鶴09,8.0,神奈川県
1,小田急バス（株）,読01,41.0,神奈川県
1,小田急バス（株）,読02,8.5,神奈川県
1,小田急バス（株）,読04,10.5,神奈川県
1,小田急バス（株）,読05,41.0,神奈川県
1,小田急バス（株）,百01,85.0,神奈川県
1,小田急バス（株）,百02,63.0,神奈川県
1,小田急バス（株）,百03,12.0,神奈川県
1,小田急バス（株）,百04,8.0,神奈川県
1,小田急箱根高速バス,ふじやま号,0.2,神奈川県
1,小田急箱根高速バス,伊豆・新宿ライナー,2.0,神奈川県
1,小田急箱根高速バス,御殿場プレミアム・アウトレット・新宿駅線,1.0,神奈川県
1,小田急箱根高速バス,三島エクスプレス,3.0,神奈川県
1,小田急箱根高速バス,新宿・箱根線,32.9,神奈川県
1,小田急箱根高速バス,箱根桃源台〜御殿場〜羽田空港,4.0,神奈川県
1,小湊鉄道,横浜駅・羽田空港〜茂原・大多喜・いすみ・御宿・松野・勝浦・小湊,12.0,神奈川県
1,小湊鉄道,五井駅〜横浜駅線,12.0,神奈川県
1,小湊鉄道,蘇我駅〜羽田空港線,11.0,神奈川県
1,小湊鉄道,東金駅〜五井駅〜羽田空港線,23.0,神奈川県
1,小湊鉄道,木更津・袖ヶ浦〜羽田空港線,10.0,神奈川県
1,小湊鉄道,木更津・袖ヶ浦〜横浜駅線,10.0,神奈川県
1,小湊鉄道,木更津・袖ヶ浦〜川崎,7.0,神奈川県
1,小湊鉄道,木更津・長浦〜品川線,49.5,神奈川県
1,小湊鉄道,木更津駅西口〜袖ヶ浦バスターミナル〜新宿駅西口,19.5,神奈川県
1,松本電気鉄道（株）,特急松本新宿線,11.0,神奈川県
1,松本電気鉄道（株）,特急白馬新宿線,4.0,神奈川県
1,湘南京急バス,衣30,53.0,神奈川県
1,湘南京急バス,衣35,13.0,神奈川県
1,湘南京急バス,羽田空港〜大船駅・藤沢駅,11.5,神奈川県
1,湘南京急バス,浦2,66.5,神奈川県
1,湘南京急バス,浦3,55.5,神奈川県
1,湘南京急バス,浦5,20.0,神奈川県
1,湘南京急バス,鎌1（京急りんどう号）,13.0,神奈川県
1,湘南京急バス,鎌11,9.0,神奈川県
1,湘南京急バス,鎌12,29.0,神奈川県
1,湘南京急バス,鎌2,26.0,神奈川県
1,湘南京急バス,鎌20,63.0,神奈川県
1,湘南京急バス,鎌23,48.5,神奈川県
1,湘南京急バス,鎌24,30.0,神奈川県
1,湘南京急バス,鎌3,2.0,神奈川県
1,湘南京急バス,鎌30,8.0,神奈川県
1,湘南京急バス,鎌31,56.0,神奈川県
1,湘南京急バス,鎌36,30.0,神奈川県
1,湘南京急バス,鎌4,35.0,神奈川県
1,湘南京急バス,鎌40,66.0,神奈川県
1,湘南京急バス,鎌41,9.5,神奈川県
1,湘南京急バス,鎌5,2.0,神奈川県
1,湘南京急バス,鎌50,1.0,神奈川県
1,湘南京急バス,鎌51,11.5,神奈川県
1,湘南京急バス,鎌6,11.0,神奈川県
1,湘南京急バス,新橋駅〜金沢文庫駅,1.0,神奈川県
1,湘南京急バス,新橋駅〜逗子駅,1.0,神奈川県
1,湘南京急バス,須22,31.0,神奈川県
1,湘南京急バス,須24,51.5,神奈川県
1,湘南京急バス,須25,2.0,神奈川県
1,湘南京急バス,須26,4.0,神奈川県
1,湘南京急バス,須27,5.0,神奈川県
1,湘南京急バス,須28,0.0,神奈川県
1,湘南京急バス,船2,45.5,神奈川県
1,湘南京急バス,船3,3.0,神奈川県
1,湘南京急バス,船4,19.0,神奈川県
1,湘南京急バス,船5,40.5,神奈川県
1,湘南京急バス,船50,53.5,神奈川県
1,湘南京急バス,船6,20.0,神奈川県
1,湘南京急バス,船7,6.0,神奈川県
1,湘南京急バス,船8,2.0,神奈川県
1,湘南京急バス,船9,4.5,神奈川県
1,湘南京急バス,直行,0.0,神奈川県
1,湘南京急バス,追34,2.0,神奈川県
1,湘南京急バス,八31,54.0,神奈川県
1,湘南京急バス,堀22,2.0,神奈川県
1,湘南京急バス,堀23,35.0,神奈川県
1,湘南京急バス,堀24,3.5,神奈川県
1,湘南京急バス,堀25,12.5,神奈川県
1,湘南京急バス,堀26,14.5,神奈川県
1,湘南神奈交バス,渋03,15.0,神奈川県
1,湘南神奈交バス,渋04,29.0,神奈川県
1,湘南神奈交バス,神01,32.0,神奈川県
1,湘南神奈交バス,神02,8.0,神奈川県
1,湘南神奈交バス,神03,5.0,神奈川県
1,湘南神奈交バス,神04,0.0,神奈川県
1,湘南神奈交バス,神05,1.0,神奈川県
1,湘南神奈交バス,神10,4.0,神奈川県
1,湘南神奈交バス,神11,23.0,神奈川県
1,湘南神奈交バス,神12,14.0,神奈川県
1,湘南神奈交バス,神13,11.0,神奈川県
1,湘南神奈交バス,神14,26.0,神奈川県
1,湘南神奈交バス,神15,26.0,神奈川県
1,湘南神奈交バス,秦17,30.0,神奈川県
1,湘南神奈交バス,秦53,3.0,神奈川県
1,湘南神奈交バス,秦60,26.0,神奈川県
1,湘南神奈交バス,二30,38.0,神奈川県
1,湘南神奈交バス,二31,6.0,神奈川県
1,湘南神奈交バス,二38,29.0,神奈川県
1,湘南神奈交バス,二40,6.0,神奈川県
1,湘南神奈交バス,平12,72.0,神奈川県
1,湘南神奈交バス,平13,20.0,神奈川県
1,湘南神奈交バス,平14,13.0,神奈川県
1,湘南神奈交バス,平15,4.0,神奈川県
1,湘南神奈交バス,平16,54.0,神奈川県
1,湘南神奈交バス,平39,24.0,神奈川県
1,湘南神奈交バス,平40,72.0,神奈川県
1,湘南神奈交バス,平67,42.0,神奈川県
1,信南交通（株）,横浜線,2.0,神奈川県
1,信南交通（株）,新宿線_01_on,5.5,神奈川県
1,信南交通（株）,新宿線_02_on,5.5,神奈川県
1,新常磐交通（株）,シーガル号,1.0,神奈川県
1,神奈川中央交通（株）,1,16.0,神奈川県
1,神奈川中央交通（株）,11,43.0,神奈川県
1,神奈川中央交通（株）,115,54.0,神奈川県
1,神奈川中央交通（株）,116,42.5,神奈川県
1,神奈川中央交通（株）,119,13.0,神奈川県
1,神奈川中央交通（株）,121,19.5,神奈川県
1,神奈川中央交通（株）,138,42.0,神奈川県
1,神奈川中央交通（株）,139,18.5,神奈川県
1,神奈川中央交通（株）,203,79.5,神奈川県
1,神奈川中央交通（株）,205,2.0,神奈川県
1,神奈川中央交通（株）,206,8.0,神奈川県
1,神奈川中央交通（株）,23,12.0,神奈川県
1,神奈川中央交通（株）,30,52.0,神奈川県
1,神奈川中央交通（株）,40,27.0,神奈川県
1,神奈川中央交通（株）,5,9.0,神奈川県
1,神奈川中央交通（株）,56,64.0,神奈川県
1,神奈川中央交通（株）,60,18.0,神奈川県
1,神奈川中央交通（株）,62,71.5,神奈川県
1,神奈川中央交通（株）,64,5.0,神奈川県
1,神奈川中央交通（株）,71,151.0,神奈川県
1,神奈川中央交通（株）,77,23.5,神奈川県
1,神奈川中央交通（株）,い・04,31.0,神奈川県
1,神奈川中央交通（株）,い・06,20.0,神奈川県
1,神奈川中央交通（株）,い・07,2.0,神奈川県
1,神奈川中央交通（株）,い・08,10.5,神奈川県
1,神奈川中央交通（株）,い・10,36.0,神奈川県
1,神奈川中央交通（株）,い・11,10.0,神奈川県
1,神奈川中央交通（株）,い・12,9.5,神奈川県
1,神奈川中央交通（株）,い・20,26.0,神奈川県
1,神奈川中央交通（株）,さ02,12.5,神奈川県
1,神奈川中央交通（株）,さ03,5.5,神奈川県
1,神奈川中央交通（株）,ふ01,8.0,神奈川県
1,神奈川中央交通（株）,ふ02,6.0,神奈川県
1,神奈川中央交通（株）,ふ03,17.0,神奈川県
1,神奈川中央交通（株）,愛02,47.0,神奈川県
1,神奈川中央交通（株）,愛11,16.5,神奈川県
1,神奈川中央交通（株）,愛15,22.5,神奈川県
1,神奈川中央交通（株）,愛16,22.5,神奈川県
1,神奈川中央交通（株）,愛17,26.0,神奈川県
1,神奈川中央交通（株）,愛18,30.5,神奈川県
1,神奈川中央交通（株）,愛19,5.0,神奈川県
1,神奈川中央交通（株）,愛20,23.0,神奈川県
1,神奈川中央交通（株）,愛21,4.5,神奈川県
1,神奈川中央交通（株）,愛24,4.0,神奈川県
1,神奈川中央交通（株）,綾・76,32.0,神奈川県
1,神奈川中央交通（株）,伊・01,23.5,神奈川県
1,神奈川中央交通（株）,伊・03,5.0,神奈川県
1,神奈川中央交通（株）,伊・05,2.0,神奈川県
1,神奈川中央交通（株）,伊・06,56.5,神奈川県
1,神奈川中央交通（株）,伊・10,41.5,神奈川県
1,神奈川中央交通（株）,伊・12,1.5,神奈川県
1,神奈川中央交通（株）,伊・13,25.0,神奈川県
1,神奈川中央交通（株）,伊・15,2.5,神奈川県
1,神奈川中央交通（株）,伊・16,8.0,神奈川県
1,神奈川中央交通（株）,伊・17,5.0,神奈川県
1,神奈川中央交通（株）,伊・18,21.5,神奈川県
1,神奈川中央交通（株）,伊・19,26.5,神奈川県
1,神奈川中央交通（株）,伊・20,29.5,神奈川県
1,神奈川中央交通（株）,伊・22,2.5,神奈川県
1,神奈川中央交通（株）,伊・23,5.5,神奈川県
1,神奈川中央交通（株）,伊・31,4.5,神奈川県
1,神奈川中央交通（株）,伊・34,11.5,神奈川県
1,神奈川中央交通（株）,伊・41,11.0,神奈川県
1,神奈川中央交通（株）,伊・43,6.0,神奈川県
1,神奈川中央交通（株）,伊・44,23.0,神奈川県
1,神奈川中央交通（株）,伊・54,14.5,神奈川県
1,神奈川中央交通（株）,伊・58,3.0,神奈川県
1,神奈川中央交通（株）,伊・59,28.0,神奈川県
1,神奈川中央交通（株）,伊・74,26.5,神奈川県
1,神奈川中央交通（株）,伊・76,12.5,神奈川県
1,神奈川中央交通（株）,伊・80,7.5,神奈川県
1,神奈川中央交通（株）,伊・82,2.0,神奈川県
1,神奈川中央交通（株）,伊・83,1.0,神奈川県
1,神奈川中央交通（株）,伊・84,3.5,神奈川県
1,神奈川中央交通（株）,井・10,26.0,神奈川県
1,神奈川中央交通（株）,井・11,80.5,神奈川県
1,神奈川中央交通（株）,井・12,47.5,神奈川県
1,神奈川中央交通（株）,井・14,1.0,神奈川県
1,神奈川中央交通（株）,磯・01,2.5,神奈川県
1,神奈川中央交通（株）,磯・07,8.5,神奈川県
1,神奈川中央交通（株）,磯・13,34.5,神奈川県
1,神奈川中央交通（株）,磯13,34.5,神奈川県
1,神奈川中央交通（株）,磯14,23.0,神奈川県
1,神奈川中央交通（株）,横04,17.0,神奈川県
1,神奈川中央交通（株）,横17,62.5,神奈川県
1,神奈川中央交通（株）,横43,78.0,神奈川県
1,神奈川中央交通（株）,横44,23.0,神奈川県
1,神奈川中央交通（株）,横46,65.0,神奈川県
1,神奈川中央交通（株）,横51,3.0,神奈川県
1,神奈川中央交通（株）,横52,16.0,神奈川県
1,神奈川中央交通（株）,下02,20.0,神奈川県
1,神奈川中央交通（株）,下05,14.5,神奈川県
1,神奈川中央交通（株）,海01,45.5,神奈川県
1,神奈川中央交通（株）,海03,12.0,神奈川県
1,神奈川中央交通（株）,海08,1.0,神奈川県
1,神奈川中央交通（株）,海09,19.0,神奈川県
1,神奈川中央交通（株）,海10,22.5,神奈川県
1,神奈川中央交通（株）,柿26,0.0,神奈川県
1,神奈川中央交通（株）,柿27,0.0,神奈川県
1,神奈川中央交通（株）,学01,59.0,神奈川県
1,神奈川中央交通（株）,学02,3.0,神奈川県
1,神奈川中央交通（株）,学03,2.0,神奈川県
1,神奈川中央交通（株）,茅03,23.5,神奈川県
1,神奈川中央交通（株）,茅06,49.0,神奈川県
1,神奈川中央交通（株）,茅09,33.0,神奈川県
1,神奈川中央交通（株）,茅14,13.0,神奈川県
1,神奈川中央交通（株）,茅15,74.5,神奈川県
1,神奈川中央交通（株）,茅16,4.5,神奈川県
1,神奈川中央交通（株）,茅17,27.5,神奈川県
1,神奈川中央交通（株）,茅19,21.0,神奈川県
1,神奈川中央交通（株）,茅25,30.0,神奈川県
1,神奈川中央交通（株）,茅26,16.5,神奈川県
1,神奈川中央交通（株）,茅31,31.0,神奈川県
1,神奈川中央交通（株）,茅33,49.0,神奈川県
1,神奈川中央交通（株）,茅35,46.5,神奈川県
1,神奈川中央交通（株）,茅37,16.0,神奈川県
1,神奈川中央交通（株）,茅41,3.0,神奈川県
1,神奈川中央交通（株）,茅45,26.0,神奈川県
1,神奈川中央交通（株）,茅48,40.0,神奈川県
1,神奈川中央交通（株）,茅50,53.5,神奈川県
1,神奈川中央交通（株）,茅52,7.0,神奈川県
1,神奈川中央交通（株）,茅53,28.5,神奈川県
1,神奈川中央交通（株）,茅54,27.0,神奈川県
1,神奈川中央交通（株）,茅81,3.0,神奈川県
1,神奈川中央交通（株）,茅ヶ崎駅・辻堂駅・藤沢駅・戸塚〜成田空港,3.0,神奈川県
1,神奈川中央交通（株）,巻01,2.0,神奈川県
1,神奈川中央交通（株）,巻02,39.0,神奈川県
1,神奈川中央交通（株）,間01,15.0,神奈川県
1,神奈川中央交通（株）,間10,24.0,神奈川県
1,神奈川中央交通（株）,間12,30.5,神奈川県
1,神奈川中央交通（株）,間13,25.5,神奈川県
1,神奈川中央交通（株）,間14,17.5,神奈川県
1,神奈川中央交通（株）,間15,1.0,神奈川県
1,神奈川中央交通（株）,間16,5.0,神奈川県
1,神奈川中央交通（株）,間24,4.0,神奈川県
1,神奈川中央交通（株）,丘01,4.5,神奈川県
1,神奈川中央交通（株）,境01,6.0,神奈川県
1,神奈川中央交通（株）,境11,85.0,神奈川県
1,神奈川中央交通（株）,境14,2.0,神奈川県
1,神奈川中央交通（株）,境15,1.0,神奈川県
1,神奈川中央交通（株）,境21,10.0,神奈川県
1,神奈川中央交通（株）,境30,7.0,神奈川県
1,神奈川中央交通（株）,橋01,88.0,神奈川県
1,神奈川中央交通（株）,橋03,9.0,神奈川県
1,神奈川中央交通（株）,橋05,5.0,神奈川県
1,神奈川中央交通（株）,橋07,10.0,神奈川県
1,神奈川中央交通（株）,橋08,6.0,神奈川県
1,神奈川中央交通（株）,橋10,9.0,神奈川県
1,神奈川中央交通（株）,橋14,5.0,神奈川県
1,神奈川中央交通（株）,橋16,5.5,神奈川県
1,神奈川中央交通（株）,橋18,1.5,神奈川県
1,神奈川中央交通（株）,橋20,2.5,神奈川県
1,神奈川中央交通（株）,橋24,2.5,神奈川県
1,神奈川中央交通（株）,橋25,18.0,神奈川県
1,神奈川中央交通（株）,橋26,2.5,神奈川県
1,神奈川中央交通（株）,橋27,25.0,神奈川県
1,神奈川中央交通（株）,橋28,5.0,神奈川県
1,神奈川中央交通（株）,橋31,7.0,神奈川県
1,神奈川中央交通（株）,橋33,51.0,神奈川県
1,神奈川中央交通（株）,橋34,21.5,神奈川県
1,神奈川中央交通（株）,橋40,10.0,神奈川県
1,神奈川中央交通（株）,橋41,5.0,神奈川県
1,神奈川中央交通（株）,橋50,2.0,神奈川県
1,神奈川中央交通（株）,橋52,25.5,神奈川県
1,神奈川中央交通（株）,橋55,40.5,神奈川県
1,神奈川中央交通（株）,橋57,54.0,神奈川県
1,神奈川中央交通（株）,橋59,21.5,神奈川県
1,神奈川中央交通（株）,橋70,4.5,神奈川県
1,神奈川中央交通（株）,橋73,9.0,神奈川県
1,神奈川中央交通（株）,橋75,55.0,神奈川県
1,神奈川中央交通（株）,橋76,64.5,神奈川県
1,神奈川中央交通（株）,橋80,8.0,神奈川県
1,神奈川中央交通（株）,橋本駅・相模大野・町田バスセンター〜成田空港,9.0,神奈川県
1,神奈川中央交通（株）,金24,12.0,神奈川県
1,神奈川中央交通（株）,金25,14.5,神奈川県
1,神奈川中央交通（株）,金26,2.5,神奈川県
1,神奈川中央交通（株）,金28,2.0,神奈川県
1,神奈川中央交通（株）,原21,1.5,神奈川県
1,神奈川中央交通（株）,原25,0.5,神奈川県
1,神奈川中央交通（株）,古01,21.0,神奈川県
1,神奈川中央交通（株）,古02,22.0,神奈川県
1,神奈川中央交通（株）,古03,19.0,神奈川県
1,神奈川中央交通（株）,古04,22.5,神奈川県
1,神奈川中央交通（株）,古05,3.0,神奈川県
1,神奈川中央交通（株）,戸01,2.5,神奈川県
1,神奈川中央交通（株）,戸03,1.0,神奈川県
1,神奈川中央交通（株）,戸09,38.5,神奈川県
1,神奈川中央交通（株）,戸12,29.0,神奈川県
1,神奈川中央交通（株）,戸13,4.5,神奈川県
1,神奈川中央交通（株）,戸17,44.0,神奈川県
1,神奈川中央交通（株）,戸19,25.5,神奈川県
1,神奈川中央交通（株）,戸22,163.0,神奈川県
1,神奈川中央交通（株）,戸25,4.0,神奈川県
1,神奈川中央交通（株）,戸33,46.5,神奈川県
1,神奈川中央交通（株）,戸38,2.0,神奈川県
1,神奈川中央交通（株）,戸39,43.0,神奈川県
1,神奈川中央交通（株）,戸50,124.5,神奈川県
1,神奈川中央交通（株）,戸52,82.5,神奈川県
1,神奈川中央交通（株）,戸53,53.0,神奈川県
1,神奈川中央交通（株）,戸58,19.5,神奈川県
1,神奈川中央交通（株）,戸60,119.5,神奈川県
1,神奈川中央交通（株）,戸61,26.5,神奈川県
1,神奈川中央交通（株）,戸64,27.0,神奈川県
1,神奈川中央交通（株）,戸71,16.5,神奈川県
1,神奈川中央交通（株）,戸72,41.5,神奈川県
1,神奈川中央交通（株）,戸73,5.5,神奈川県
1,神奈川中央交通（株）,戸75,5.5,神奈川県
1,神奈川中央交通（株）,戸77,1.0,神奈川県
1,神奈川中央交通（株）,戸79,47.5,神奈川県
1,神奈川中央交通（株）,戸81,68.0,神奈川県
1,神奈川中央交通（株）,戸90,68.0,神奈川県
1,神奈川中央交通（株）,戸91,4.0,神奈川県
1,神奈川中央交通（株）,戸93,20.0,神奈川県
1,神奈川中央交通（株）,戸94,2.0,神奈川県
1,神奈川中央交通（株）,戸95,2.0,神奈川県
1,神奈川中央交通（株）,戸96,9.0,神奈川県
1,神奈川中央交通（株）,戸97,9.0,神奈川県
1,神奈川中央交通（株）,戸98,20.0,神奈川県
1,神奈川中央交通（株）,戸99,4.0,神奈川県
1,神奈川中央交通（株）,戸塚駅　・　港南台駅〜羽田空港,9.0,神奈川県
1,神奈川中央交通（株）,湖21,28.0,神奈川県
1,神奈川中央交通（株）,湖22,14.0,神奈川県
1,神奈川中央交通（株）,湖28,15.5,神奈川県
1,神奈川中央交通（株）,湖29,0.5,神奈川県
1,神奈川中央交通（株）,厚・105,31.5,神奈川県
1,神奈川中央交通（株）,厚・109,50.5,神奈川県
1,神奈川中央交通（株）,厚・90,1.0,神奈川県
1,神奈川中央交通（株）,厚・94,0.0,神奈川県
1,神奈川中央交通（株）,厚・95,5.0,神奈川県
1,神奈川中央交通（株）,厚・96,2.0,神奈川県
1,神奈川中央交通（株）,厚01,26.5,神奈川県
1,神奈川中央交通（株）,厚02,27.5,神奈川県
1,神奈川中央交通（株）,厚03,1.0,神奈川県
1,神奈川中央交通（株）,厚04,13.0,神奈川県
1,神奈川中央交通（株）,厚05,27.0,神奈川県
1,神奈川中央交通（株）,厚06,33.5,神奈川県
1,神奈川中央交通（株）,厚07,22.0,神奈川県
1,神奈川中央交通（株）,厚08,183.0,神奈川県
1,神奈川中央交通（株）,厚10,0.0,神奈川県
1,神奈川中央交通（株）,厚11,2.0,神奈川県
1,神奈川中央交通（株）,厚12,2.0,神奈川県
1,神奈川中央交通（株）,厚13,6.0,神奈川県
1,神奈川中央交通（株）,厚14,0.5,神奈川県
1,神奈川中央交通（株）,厚15,14.0,神奈川県
1,神奈川中央交通（株）,厚16,15.0,神奈川県
1,神奈川中央交通（株）,厚17,20.5,神奈川県
1,神奈川中央交通（株）,厚18,17.0,神奈川県
1,神奈川中央交通（株）,厚19,8.0,神奈川県
1,神奈川中央交通（株）,厚20,17.0,神奈川県
1,神奈川中央交通（株）,厚21,0.0,神奈川県
1,神奈川中央交通（株）,厚22,1.0,神奈川県
1,神奈川中央交通（株）,厚25,88.5,神奈川県
1,神奈川中央交通（株）,厚26,79.0,神奈川県
1,神奈川中央交通（株）,厚27,0.5,神奈川県
1,神奈川中央交通（株）,厚29,3.5,神奈川県
1,神奈川中央交通（株）,厚33,23.0,神奈川県
1,神奈川中央交通（株）,厚34,7.5,神奈川県
1,神奈川中央交通（株）,厚38,2.0,神奈川県
1,神奈川中央交通（株）,厚39,14.5,神奈川県
1,神奈川中央交通（株）,厚43,35.0,神奈川県
1,神奈川中央交通（株）,厚44,35.5,神奈川県
1,神奈川中央交通（株）,厚45,3.0,神奈川県
1,神奈川中央交通（株）,厚46,20.5,神奈川県
1,神奈川中央交通（株）,厚48,45.0,神奈川県
1,神奈川中央交通（株）,厚55,13.0,神奈川県
1,神奈川中央交通（株）,厚59,6.0,神奈川県
1,神奈川中央交通（株）,厚60,36.0,神奈川県
1,神奈川中央交通（株）,厚61,1.0,神奈川県
1,神奈川中央交通（株）,厚62,14.0,神奈川県
1,神奈川中央交通（株）,厚63,7.5,神奈川県
1,神奈川中央交通（株）,厚66,22.5,神奈川県
1,神奈川中央交通（株）,厚67,20.5,神奈川県
1,神奈川中央交通（株）,厚74,3.0,神奈川県
1,神奈川中央交通（株）,厚76,5.5,神奈川県
1,神奈川中央交通（株）,厚79,16.0,神奈川県
1,神奈川中央交通（株）,厚80,3.0,神奈川県
1,神奈川中央交通（株）,厚81,5.0,神奈川県
1,神奈川中央交通（株）,厚89,34.0,神奈川県
1,神奈川中央交通（株）,港33,4.5,神奈川県
1,神奈川中央交通（株）,港35,2.5,神奈川県
1,神奈川中央交通（株）,港36,17.5,神奈川県
1,神奈川中央交通（株）,港37,10.0,神奈川県
1,神奈川中央交通（株）,港39,5.5,神奈川県
1,神奈川中央交通（株）,港40,18.0,神奈川県
1,神奈川中央交通（株）,港55,32.0,神奈川県
1,神奈川中央交通（株）,港61,17.0,神奈川県
1,神奈川中央交通（株）,港64,5.0,神奈川県
1,神奈川中央交通（株）,港83,65.5,神奈川県
1,神奈川中央交通（株）,港85,11.0,神奈川県
1,神奈川中央交通（株）,港86,11.0,神奈川県
1,神奈川中央交通（株）,港87,28.0,神奈川県
1,神奈川中央交通（株）,港88,19.0,神奈川県
1,神奈川中央交通（株）,港90,3.0,神奈川県
1,神奈川中央交通（株）,港93,13.0,神奈川県
1,神奈川中央交通（株）,港95,1.0,神奈川県
1,神奈川中央交通（株）,国01,14.5,神奈川県
1,神奈川中央交通（株）,桜84,3.0,神奈川県
1,神奈川中央交通（株）,三11,13.0,神奈川県
1,神奈川中央交通（株）,三51,10.0,神奈川県
1,神奈川中央交通（株）,三53,4.0,神奈川県
1,神奈川中央交通（株）,市02,0.0,神奈川県
1,神奈川中央交通（株）,渋02,30.5,神奈川県
1,神奈川中央交通（株）,宿01,2.0,神奈川県
1,神奈川中央交通（株）,小02,23.0,神奈川県
1,神奈川中央交通（株）,小04,37.0,神奈川県
1,神奈川中央交通（株）,小06,35.5,神奈川県
1,神奈川中央交通（株）,小11,21.0,神奈川県
1,神奈川中央交通（株）,小14,5.0,神奈川県
1,神奈川中央交通（株）,湘07,35.0,神奈川県
1,神奈川中央交通（株）,湘11,18.0,神奈川県
1,神奈川中央交通（株）,湘13,12.0,神奈川県
1,神奈川中央交通（株）,湘14,13.5,神奈川県
1,神奈川中央交通（株）,湘15,8.0,神奈川県
1,神奈川中央交通（株）,湘17,65.5,神奈川県
1,神奈川中央交通（株）,湘18,2.0,神奈川県
1,神奈川中央交通（株）,湘20,27.5,神奈川県
1,神奈川中央交通（株）,湘22,28.0,神奈川県
1,神奈川中央交通（株）,湘23,55.5,神奈川県
1,神奈川中央交通（株）,湘24,14.5,神奈川県
1,神奈川中央交通（株）,湘25,38.0,神奈川県
1,神奈川中央交通（株）,湘26,1.0,神奈川県
1,神奈川中央交通（株）,湘27,28.0,神奈川県
1,神奈川中央交通（株）,湘28,5.0,神奈川県
1,神奈川中央交通（株）,湘29,12.5,神奈川県
1,神奈川中央交通（株）,上06,0.0,神奈川県
1,神奈川中央交通（株）,上202,31.5,神奈川県
1,神奈川中央交通（株）,上32,27.5,神奈川県
1,神奈川中央交通（株）,上68,0.0,神奈川県
1,神奈川中央交通（株）,上96,3.0,神奈川県
1,神奈川中央交通（株）,新宿駅西口小田急ハルク前〜本厚木駅,0.2,神奈川県
1,神奈川中央交通（株）,秦08,22.0,神奈川県
1,神奈川中央交通（株）,秦10,6.5,神奈川県
1,神奈川中央交通（株）,秦11,92.5,神奈川県
1,神奈川中央交通（株）,秦12,8.0,神奈川県
1,神奈川中央交通（株）,秦15,7.5,神奈川県
1,神奈川中央交通（株）,秦18,9.0,神奈川県
1,神奈川中央交通（株）,秦20,35.0,神奈川県
1,神奈川中央交通（株）,秦21,2.0,神奈川県
1,神奈川中央交通（株）,秦22,7.5,神奈川県
1,神奈川中央交通（株）,秦23,37.0,神奈川県
1,神奈川中央交通（株）,秦25,12.0,神奈川県
1,神奈川中央交通（株）,秦26,10.0,神奈川県
1,神奈川中央交通（株）,秦27,10.0,神奈川県
1,神奈川中央交通（株）,秦38,30.5,神奈川県
1,神奈川中央交通（株）,秦39,14.5,神奈川県
1,神奈川中央交通（株）,秦40,3.0,神奈川県
1,神奈川中央交通（株）,秦43,1.0,神奈川県
1,神奈川中央交通（株）,秦44,9.0,神奈川県
1,神奈川中央交通（株）,秦50,19.5,神奈川県
1,神奈川中央交通（株）,秦51,52.0,神奈川県
1,神奈川中央交通（株）,秦52,13.0,神奈川県
1,神奈川中央交通（株）,秦53,5.0,神奈川県
1,神奈川中央交通（株）,秦60,26.0,神奈川県
1,神奈川中央交通（株）,秦63,1.0,神奈川県
1,神奈川中央交通（株）,秦70,8.0,神奈川県
1,神奈川中央交通（株）,秦90,65.0,神奈川県
1,神奈川中央交通（株）,秦91,22.0,神奈川県
1,神奈川中央交通（株）,秦92,26.5,神奈川県
1,神奈川中央交通（株）,秦94,3.0,神奈川県
1,神奈川中央交通（株）,秦95,1.0,神奈川県
1,神奈川中央交通（株）,秦96,3.5,神奈川県
1,神奈川中央交通（株）,瀬01,16.5,神奈川県
1,神奈川中央交通（株）,瀬02,3.0,神奈川県
1,神奈川中央交通（株）,瀬03,15.0,神奈川県
1,神奈川中央交通（株）,瀬31,56.0,神奈川県
1,神奈川中央交通（株）,成03,22.0,神奈川県
1,神奈川中央交通（株）,成04,13.5,神奈川県
1,神奈川中央交通（株）,青55,17.0,神奈川県
1,神奈川中央交通（株）,船05,43.5,神奈川県
1,神奈川中央交通（株）,船07,1.5,神奈川県
1,神奈川中央交通（株）,船08,49.5,神奈川県
1,神奈川中央交通（株）,船09,35.0,神奈川県
1,神奈川中央交通（株）,船101,18.0,神奈川県
1,神奈川中央交通（株）,船103,13.0,神奈川県
1,神奈川中央交通（株）,船11,74.0,神奈川県
1,神奈川中央交通（株）,船13,0.0,神奈川県
1,神奈川中央交通（株）,船14,19.5,神奈川県
1,神奈川中央交通（株）,船15,38.0,神奈川県
1,神奈川中央交通（株）,船16,3.0,神奈川県
1,神奈川中央交通（株）,船17,68.0,神奈川県
1,神奈川中央交通（株）,船19,0.5,神奈川県
1,神奈川中央交通（株）,船20,50.0,神奈川県
1,神奈川中央交通（株）,船21,12.5,神奈川県
1,神奈川中央交通（株）,船22,33.0,神奈川県
1,神奈川中央交通（株）,船24,42.0,神奈川県
1,神奈川中央交通（株）,船25,32.0,神奈川県
1,神奈川中央交通（株）,船27,20.0,神奈川県
1,神奈川中央交通（株）,船32,89.5,神奈川県
1,神奈川中央交通（株）,船33,46.0,神奈川県
1,神奈川中央交通（株）,船34,30.0,神奈川県
1,神奈川中央交通（株）,船35,92.5,神奈川県
1,神奈川中央交通（株）,船37,9.0,神奈川県
1,神奈川中央交通（株）,船39,9.5,神奈川県
1,神奈川中央交通（株）,船65,5.5,神奈川県
1,神奈川中央交通（株）,船91,2.0,神奈川県
1,神奈川中央交通（株）,善01,87.0,神奈川県
1,神奈川中央交通（株）,善02,2.0,神奈川県
1,神奈川中央交通（株）,善03,10.0,神奈川県
1,神奈川中央交通（株）,善04,26.0,神奈川県
1,神奈川中央交通（株）,相02,58.0,神奈川県
1,神奈川中央交通（株）,相05,53.0,神奈川県
1,神奈川中央交通（株）,相12,40.5,神奈川県
1,神奈川中央交通（株）,相14,40.5,神奈川県
1,神奈川中央交通（株）,相17,43.5,神奈川県
1,神奈川中央交通（株）,相21,14.0,神奈川県
1,神奈川中央交通（株）,相25,40.5,神奈川県
1,神奈川中央交通（株）,相27,17.0,神奈川県
1,神奈川中央交通（株）,相28,6.0,神奈川県
1,神奈川中央交通（株）,相29,15.0,神奈川県
1,神奈川中央交通（株）,相31,49.5,神奈川県
1,神奈川中央交通（株）,相36,34.5,神奈川県
1,神奈川中央交通（株）,相模大野・町田バスセンター〜羽田空港,10.0,神奈川県
1,神奈川中央交通（株）,台01,74.0,神奈川県
1,神奈川中央交通（株）,台02,62.5,神奈川県
1,神奈川中央交通（株）,台04,21.5,神奈川県
1,神奈川中央交通（株）,台06,48.5,神奈川県
1,神奈川中央交通（株）,台12,16.5,神奈川県
1,神奈川中央交通（株）,台13,26.0,神奈川県
1,神奈川中央交通（株）,台14,23.0,神奈川県
1,神奈川中央交通（株）,大13,22.0,神奈川県
1,神奈川中央交通（株）,大15,17.0,神奈川県
1,神奈川中央交通（株）,大25,3.0,神奈川県
1,神奈川中央交通（株）,大53,64.0,神奈川県
1,神奈川中央交通（株）,大54,42.0,神奈川県
1,神奈川中央交通（株）,大55,1.0,神奈川県
1,神奈川中央交通（株）,大59,44.5,神奈川県
1,神奈川中央交通（株）,大60,46.5,神奈川県
1,神奈川中央交通（株）,大68,12.0,神奈川県
1,神奈川中央交通（株）,中50,1.0,神奈川県
1,神奈川中央交通（株）,中53,19.0,神奈川県
1,神奈川中央交通（株）,中54,47.0,神奈川県
1,神奈川中央交通（株）,町06,69.0,神奈川県
1,神奈川中央交通（株）,町09,19.0,神奈川県
1,神奈川中央交通（株）,町17,10.0,神奈川県
1,神奈川中央交通（株）,町29,23.5,神奈川県
1,神奈川中央交通（株）,町30,61.0,神奈川県
1,神奈川中央交通（株）,町60,13.0,神奈川県
1,神奈川中央交通（株）,町70,1.0,神奈川県
1,神奈川中央交通（株）,町71,2.0,神奈川県
1,神奈川中央交通（株）,町72,1.0,神奈川県
1,神奈川中央交通（株）,町73,23.0,神奈川県
1,神奈川中央交通（株）,町82,5.0,神奈川県
1,神奈川中央交通（株）,町87,19.5,神奈川県
1,神奈川中央交通（株）,町88,1.0,神奈川県
1,神奈川中央交通（株）,長12,25.0,神奈川県
1,神奈川中央交通（株）,長16,38.0,神奈川県
1,神奈川中央交通（株）,長17,14.0,神奈川県
1,神奈川中央交通（株）,長22,9.0,神奈川県
1,神奈川中央交通（株）,長24,58.0,神奈川県
1,神奈川中央交通（株）,長33,15.5,神奈川県
1,神奈川中央交通（株）,長35,42.0,神奈川県
1,神奈川中央交通（株）,長36,15.0,神奈川県
1,神奈川中央交通（株）,長37,14.5,神奈川県
1,神奈川中央交通（株）,長38,19.0,神奈川県
1,神奈川中央交通（株）,長39,7.5,神奈川県
1,神奈川中央交通（株）,長40,10.0,神奈川県
1,神奈川中央交通（株）,長41,3.0,神奈川県
1,神奈川中央交通（株）,長43,30.0,神奈川県
1,神奈川中央交通（株）,長44,7.0,神奈川県
1,神奈川中央交通（株）,長45,18.0,神奈川県
1,神奈川中央交通（株）,長54,40.5,神奈川県
1,神奈川中央交通（株）,長55,12.5,神奈川県
1,神奈川中央交通（株）,津01,13.0,神奈川県
1,神奈川中央交通（株）,津01,14.0,神奈川県
1,神奈川中央交通（株）,辻01,36.0,神奈川県
1,神奈川中央交通（株）,辻02,23.0,神奈川県
1,神奈川中央交通（株）,辻03,19.5,神奈川県
1,神奈川中央交通（株）,辻07,31.5,神奈川県
1,神奈川中央交通（株）,辻08,3.0,神奈川県
1,神奈川中央交通（株）,辻09,31.5,神奈川県
1,神奈川中央交通（株）,辻11,2.0,神奈川県
1,神奈川中央交通（株）,辻12,53.0,神奈川県
1,神奈川中央交通（株）,辻13,47.0,神奈川県
1,神奈川中央交通（株）,辻24,31.0,神奈川県
1,神奈川中央交通（株）,辻25,34.0,神奈川県
1,神奈川中央交通（株）,辻26,93.5,神奈川県
1,神奈川中央交通（株）,辻28,25.0,神奈川県
1,神奈川中央交通（株）,辻29,61.5,神奈川県
1,神奈川中央交通（株）,辻31,1.0,神奈川県
1,神奈川中央交通（株）,辻33,7.5,神奈川県
1,神奈川中央交通（株）,辻34,60.5,神奈川県
1,神奈川中央交通（株）,鶴01,42.0,神奈川県
1,神奈川中央交通（株）,鶴08,29.0,神奈川県
1,神奈川中央交通（株）,鶴21,40.0,神奈川県
1,神奈川中央交通（株）,鶴22,0.0,神奈川県
1,神奈川中央交通（株）,田村車庫・本厚木駅〜羽田空港,6.0,神奈川県
1,神奈川中央交通（株）,田村車庫・本厚木駅〜成田空港,4.0,神奈川県
1,神奈川中央交通（株）,東01,44.5,神奈川県
1,神奈川中央交通（株）,東02,25.0,神奈川県
1,神奈川中央交通（株）,東03,63.5,神奈川県
1,神奈川中央交通（株）,東06,1.0,神奈川県
1,神奈川中央交通（株）,東08,30.5,神奈川県
1,神奈川中央交通（株）,東10,79.5,神奈川県
1,神奈川中央交通（株）,東12,13.5,神奈川県
1,神奈川中央交通（株）,東15,49.0,神奈川県
1,神奈川中央交通（株）,東21,14.0,神奈川県
1,神奈川中央交通（株）,東23,18.5,神奈川県
1,神奈川中央交通（株）,東50,31.5,神奈川県
1,神奈川中央交通（株）,東55,37.0,神奈川県
1,神奈川中央交通（株）,東京駅八重洲南口〜平塚駅北口,1.0,神奈川県
1,神奈川中央交通（株）,当02,20.0,神奈川県
1,神奈川中央交通（株）,藤01,137.5,神奈川県
1,神奈川中央交通（株）,藤02,48.0,神奈川県
1,神奈川中央交通（株）,藤03,14.0,神奈川県
1,神奈川中央交通（株）,藤04,40.5,神奈川県
1,神奈川中央交通（株）,藤06,10.0,神奈川県
1,神奈川中央交通（株）,藤07,15.0,神奈川県
1,神奈川中央交通（株）,藤08,5.0,神奈川県
1,神奈川中央交通（株）,藤09,12.5,神奈川県
1,神奈川中央交通（株）,藤10,7.0,神奈川県
1,神奈川中央交通（株）,藤12,31.5,神奈川県
1,神奈川中央交通（株）,藤13,2.5,神奈川県
1,神奈川中央交通（株）,藤15,5.5,神奈川県
1,神奈川中央交通（株）,藤34,25.0,神奈川県
1,神奈川中央交通（株）,藤35,15.5,神奈川県
1,神奈川中央交通（株）,藤36,15.0,神奈川県
1,神奈川中央交通（株）,藤38,3.0,神奈川県
1,神奈川中央交通（株）,藤39,18.5,神奈川県
1,神奈川中央交通（株）,藤51,28.5,神奈川県
1,神奈川中央交通（株）,藤54,28.5,神奈川県
1,神奈川中央交通（株）,藤58,12.0,神奈川県
1,神奈川中央交通（株）,藤59,1.0,神奈川県
1,神奈川中央交通（株）,南01,0.5,神奈川県
1,神奈川中央交通（株）,南02,40.0,神奈川県
1,神奈川中央交通（株）,二02,1.5,神奈川県
1,神奈川中央交通（株）,二05,2.5,神奈川県
1,神奈川中央交通（株）,二30,37.0,神奈川県
1,神奈川中央交通（株）,二31,7.0,神奈川県
1,神奈川中央交通（株）,二33,22.5,神奈川県
1,神奈川中央交通（株）,二35,12.0,神奈川県
1,神奈川中央交通（株）,二36,12.0,神奈川県
1,神奈川中央交通（株）,八72,31.0,神奈川県
1,神奈川中央交通（株）,淵21,22.0,神奈川県
1,神奈川中央交通（株）,淵22,13.0,神奈川県
1,神奈川中央交通（株）,淵23,10.0,神奈川県
1,神奈川中央交通（株）,淵24,0.0,神奈川県
1,神奈川中央交通（株）,淵25,14.0,神奈川県
1,神奈川中央交通（株）,淵30,24.5,神奈川県
1,神奈川中央交通（株）,淵34,37.0,神奈川県
1,神奈川中央交通（株）,淵35,27.0,神奈川県
1,神奈川中央交通（株）,淵36,33.0,神奈川県
1,神奈川中央交通（株）,淵37,18.0,神奈川県
1,神奈川中央交通（株）,淵52,8.0,神奈川県
1,神奈川中央交通（株）,淵53,37.0,神奈川県
1,神奈川中央交通（株）,淵59,17.5,神奈川県
1,神奈川中央交通（株）,淵65,17.0,神奈川県
1,神奈川中央交通（株）,淵67,12.5,神奈川県
1,神奈川中央交通（株）,平09,53.0,神奈川県
1,神奈川中央交通（株）,平20,6.5,神奈川県
1,神奈川中央交通（株）,平21,14.5,神奈川県
1,神奈川中央交通（株）,平22,37.5,神奈川県
1,神奈川中央交通（株）,平23,1.0,神奈川県
1,神奈川中央交通（株）,平24,1.0,神奈川県
1,神奈川中央交通（株）,平25,35.5,神奈川県
1,神奈川中央交通（株）,平26,15.0,神奈川県
1,神奈川中央交通（株）,平27,10.5,神奈川県
1,神奈川中央交通（株）,平28,40.0,神奈川県
1,神奈川中央交通（株）,平29,42.5,神奈川県
1,神奈川中央交通（株）,平30,32.5,神奈川県
1,神奈川中央交通（株）,平31,20.0,神奈川県
1,神奈川中央交通（株）,平32,19.0,神奈川県
1,神奈川中央交通（株）,平33,40.0,神奈川県
1,神奈川中央交通（株）,平34,12.0,神奈川県
1,神奈川中央交通（株）,平35,4.0,神奈川県
1,神奈川中央交通（株）,平36,3.0,神奈川県
1,神奈川中央交通（株）,平37,12.0,神奈川県
1,神奈川中央交通（株）,平38,16.5,神奈川県
1,神奈川中央交通（株）,平41,18.0,神奈川県
1,神奈川中央交通（株）,平43,19.0,神奈川県
1,神奈川中央交通（株）,平44,0.0,神奈川県
1,神奈川中央交通（株）,平45,0.0,神奈川県
1,神奈川中央交通（株）,平46,10.0,神奈川県
1,神奈川中央交通（株）,平47,7.0,神奈川県
1,神奈川中央交通（株）,平48,9.0,神奈川県
1,神奈川中央交通（株）,平50,2.5,神奈川県
1,神奈川中央交通（株）,平51,14.5,神奈川県
1,神奈川中央交通（株）,平52,33.0,神奈川県
1,神奈川中央交通（株）,平53,83.0,神奈川県
1,神奈川中央交通（株）,平54,1.0,神奈川県
1,神奈川中央交通（株）,平57,3.0,神奈川県
1,神奈川中央交通（株）,平58,3.5,神奈川県
1,神奈川中央交通（株）,平60,26.5,神奈川県
1,神奈川中央交通（株）,平61,4.0,神奈川県
1,神奈川中央交通（株）,平62,5.0,神奈川県
1,神奈川中央交通（株）,平63,46.0,神奈川県
1,神奈川中央交通（株）,平64,2.0,神奈川県
1,神奈川中央交通（株）,平65,45.0,神奈川県
1,神奈川中央交通（株）,平67,45.0,神奈川県
1,神奈川中央交通（株）,平68,11.0,神奈川県
1,神奈川中央交通（株）,平71,51.5,神奈川県
1,神奈川中央交通（株）,平73,20.0,神奈川県
1,神奈川中央交通（株）,平74,37.5,神奈川県
1,神奈川中央交通（株）,平75,2.0,神奈川県
1,神奈川中央交通（株）,平76,12.5,神奈川県
1,神奈川中央交通（株）,平77,12.0,神奈川県
1,神奈川中央交通（株）,平78,2.0,神奈川県
1,神奈川中央交通（株）,平79,11.0,神奈川県
1,神奈川中央交通（株）,平86,30.0,神奈川県
1,神奈川中央交通（株）,平88,23.0,神奈川県
1,神奈川中央交通（株）,平89,1.0,神奈川県
1,神奈川中央交通（株）,平90,70.5,神奈川県
1,神奈川中央交通（株）,平91,16.5,神奈川県
1,神奈川中央交通（株）,平92,19.0,神奈川県
1,神奈川中央交通（株）,平93,14.5,神奈川県
1,神奈川中央交通（株）,平94,5.0,神奈川県
1,神奈川中央交通（株）,平95,1.0,神奈川県
1,神奈川中央交通（株）,平97,8.0,神奈川県
1,神奈川中央交通（株）,保06,1.0,神奈川県
1,神奈川中央交通（株）,峰02,15.5,神奈川県
1,神奈川中央交通（株）,弥01,31.0,神奈川県
1,神奈川中央交通（株）,立01,45.5,神奈川県
1,神奈川中央交通（株）,立02,17.0,神奈川県
1,神奈川中央交通（株）,林03,62.5,神奈川県
1,神奈川中央交通（株）,和02,5.0,神奈川県
1,神奈川中央交通（株）,和03,43.5,神奈川県
1,神奈川中央交通（株）,和06,10.5,神奈川県
1,神奈川中央交通・相模神奈交バス・津久井神奈交バス,町08,2.0,神奈川県
1,神奈川中央交通・相模神奈交バス・津久井神奈交バス,鶴37,1.0,神奈川県
1,神奈川中央交通・相模神奈交バス・津久井神奈交バス,八07,2.0,神奈川県
1,神姫バス（株）,姫路・神戸（三ノ宮）-東京（渋谷・新宿）,1.0,神奈川県
1,諏訪バス（株）,岡谷・諏訪・茅野〜新宿線_01_on,17.0,神奈川県
1,諏訪バス（株）,岡谷・諏訪・茅野〜新宿線_02_on,17.0,神奈川県
1,諏訪バス（株）,岡谷・諏訪・茅野〜新宿線_03_on,17.0,神奈川県
1,諏訪バス（株）,駒ヶ根・伊那〜新宿線,11.0,神奈川県
1,諏訪バス（株）,飯田〜新宿線,12.0,神奈川県
1,瀬戸内運輸（株）,パイレーツ　今治⇔東京,1.0,神奈川県
1,成田空港交通,和歌山線,1.0,神奈川県
1,西東京バス（株）,オレンジライナー号,1.0,神奈川県
1,西東京バス（株）,ツインクル号,1.0,神奈川県
1,西東京バス（株）,ハローブリッジ号,1.0,神奈川県
1,西日本鉄道（株）,福岡　〜　東京　（はかた号））,1.0,神奈川県
1,西武バス（株）,伊勢・鳥羽線,2.0,神奈川県
1,西武バス（株）,河口湖線,1.0,神奈川県
1,西武バス（株）,三都線,1.0,神奈川県
1,西武観光バス,びわこドリーム号,1.0,神奈川県
1,西武観光バス,宇和島線,1.0,神奈川県
1,西武観光バス,大宮・池袋・横浜〜南紀勝浦線,1.0,神奈川県
1,石見交通（株）,いわみEX　東京線,1.0,神奈川県
1,千葉交通,大阪なんば・京都駅〜成田・銚子線,1.0,神奈川県
1,千葉交通,竜王・甲府・石和・一宮・勝沼〜成田空港,3.0,神奈川県
1,千葉中央バス,羽田空港行き,7.0,神奈川県
1,千葉中央バス,京都〜上野・東京ディズニーリゾート,1.0,神奈川県
1,川崎市,宮03,3.0,神奈川県
1,川崎市,宮04,18.5,神奈川県
1,川崎市,宮05,12.0,神奈川県
1,川崎市,原01,13.0,神奈川県
1,川崎市,溝04,7.0,神奈川県
1,川崎市,溝05,20.5,神奈川県
1,川崎市,溝06,30.0,神奈川県
1,川崎市,溝15,94.0,神奈川県
1,川崎市,溝16,26.5,神奈川県
1,川崎市,溝17,61.0,神奈川県
1,川崎市,溝18,148.0,神奈川県
1,川崎市,溝19,55.0,神奈川県
1,川崎市,溝21,15.0,神奈川県
1,川崎市,溝23,42.0,神奈川県
1,川崎市,溝25,23.0,神奈川県
1,川崎市,杉03,25.0,神奈川県
1,川崎市,杉04,3.0,神奈川県
1,川崎市,杉10,50.5,神奈川県
1,川崎市,杉40,63.0,神奈川県
1,川崎市,生01,27.0,神奈川県
1,川崎市,生02,58.5,神奈川県
1,川崎市,生03,32.5,神奈川県
1,川崎市,登05,69.0,神奈川県
1,川崎市,登06,9.5,神奈川県
1,川崎市,登14,65.5,神奈川県
1,川崎市,登20,20.5,神奈川県
1,川崎市,登21,21.0,神奈川県
1,川崎鶴見臨港バス,たまプラーザ〜羽田空港,8.5,神奈川県
1,川崎鶴見臨港バス,横浜東扇島線,27.0,神奈川県
1,川崎鶴見臨港バス,急行,40.0,神奈川県
1,川崎鶴見臨港バス,元02,7.0,神奈川県
1,川崎鶴見臨港バス,原62,14.0,神奈川県
1,川崎鶴見臨港バス,新横浜駅〜羽田空港,20.5,神奈川県
1,川崎鶴見臨港バス,新横浜成田空港線,10.0,神奈川県
1,川崎鶴見臨港バス,秦65,2.0,神奈川県
1,川崎鶴見臨港バス,杉51,38.5,神奈川県
1,川崎鶴見臨港バス,杉52,37.0,神奈川県
1,川崎鶴見臨港バス,川01,2.0,神奈川県
1,川崎鶴見臨港バス,川02,27.5,神奈川県
1,川崎鶴見臨港バス,川03,105.5,神奈川県
1,川崎鶴見臨港バス,川21,253.5,神奈川県
1,川崎鶴見臨港バス,川22,128.5,神奈川県
1,川崎鶴見臨港バス,川23,102.0,神奈川県
1,川崎鶴見臨港バス,川24,148.0,神奈川県
1,川崎鶴見臨港バス,川25,75.0,神奈川県
1,川崎鶴見臨港バス,川27,40.5,神奈川県
1,川崎鶴見臨港バス,川28,177.0,神奈川県
1,川崎鶴見臨港バス,川29,77.0,神奈川県
1,川崎鶴見臨港バス,川30,35.0,神奈川県
1,川崎鶴見臨港バス,川50,130.0,神奈川県
1,川崎鶴見臨港バス,川51,69.0,神奈川県
1,川崎鶴見臨港バス,川53,21.0,神奈川県
1,川崎鶴見臨港バス,川54,105.5,神奈川県
1,川崎鶴見臨港バス,川56,61.0,神奈川県
1,川崎鶴見臨港バス,川57,60.0,神奈川県
1,川崎鶴見臨港バス,川60,114.0,神奈川県
1,川崎鶴見臨港バス,川61,37.0,神奈川県
1,川崎鶴見臨港バス,川69,6.0,神奈川県
1,川崎鶴見臨港バス,川崎木更津線,35.0,神奈川県
1,川崎鶴見臨港バス,直通,47.0,神奈川県
1,川崎鶴見臨港バス,鶴01,159.0,神奈川県
1,川崎鶴見臨港バス,鶴02,97.0,神奈川県
1,川崎鶴見臨港バス,鶴03,145.0,神奈川県
1,川崎鶴見臨港バス,鶴04,45.5,神奈川県
1,川崎鶴見臨港バス,鶴05,113.0,神奈川県
1,川崎鶴見臨港バス,鶴06,110.0,神奈川県
1,川崎鶴見臨港バス,鶴07,15.0,神奈川県
1,川崎鶴見臨港バス,鶴08,116.5,神奈川県
1,川崎鶴見臨港バス,鶴09,31.0,神奈川県
1,川崎鶴見臨港バス,鶴11,10.0,神奈川県
1,川崎鶴見臨港バス,鶴12,60.0,神奈川県
1,川中島バス（株）,特急白馬〜新宿線,2.0,神奈川県
1,相鉄バス（株）,116,48.0,神奈川県
1,相鉄バス（株）,旭1,75.0,神奈川県
1,相鉄バス（株）,旭10,25.5,神奈川県
1,相鉄バス（株）,旭11,135.5,神奈川県
1,相鉄バス（株）,旭12,51.0,神奈川県
1,相鉄バス（株）,旭13,16.5,神奈川県
1,相鉄バス（株）,旭14,8.0,神奈川県
1,相鉄バス（株）,旭16,62.0,神奈川県
1,相鉄バス（株）,旭18,41.0,神奈川県
1,相鉄バス（株）,旭19,42.0,神奈川県
1,相鉄バス（株）,旭2,8.5,神奈川県
1,相鉄バス（株）,旭21,94.0,神奈川県
1,相鉄バス（株）,旭23,76.0,神奈川県
1,相鉄バス（株）,旭24,24.5,神奈川県
1,相鉄バス（株）,旭25,22.5,神奈川県
1,相鉄バス（株）,旭27,109.5,神奈川県
1,相鉄バス（株）,旭28,10.0,神奈川県
1,相鉄バス（株）,旭29,13.0,神奈川県
1,相鉄バス（株）,旭36,7.0,神奈川県
1,相鉄バス（株）,旭4,100.0,神奈川県
1,相鉄バス（株）,旭5,2.0,神奈川県
1,相鉄バス（株）,旭6,112.0,神奈川県
1,相鉄バス（株）,旭9,3.0,神奈川県
1,相鉄バス（株）,綾1,56.0,神奈川県
1,相鉄バス（株）,綾11,46.0,神奈川県
1,相鉄バス（株）,綾12,19.0,神奈川県
1,相鉄バス（株）,綾13,58.5,神奈川県
1,相鉄バス（株）,綾21,57.5,神奈川県
1,相鉄バス（株）,綾31,57.5,神奈川県
1,相鉄バス（株）,綾41,55.5,神奈川県
1,相鉄バス（株）,綾43,17.5,神奈川県
1,相鉄バス（株）,綾51,49.0,神奈川県
1,相鉄バス（株）,綾52,33.5,神奈川県
1,相鉄バス（株）,綾53,18.5,神奈川県
1,相鉄バス（株）,綾72,18.0,神奈川県
1,相鉄バス（株）,綾75,41.0,神奈川県
1,相鉄バス（株）,横浜駅西口〜河口湖駅,3.0,神奈川県
1,相鉄バス（株）,横浜駅西口〜海老名駅線,2.0,神奈川県
1,相鉄バス（株）,二俣川駅〜羽田空港線,22.0,神奈川県
1,相鉄バス（株）,浜1,40.5,神奈川県
1,相鉄バス（株）,浜10,13.0,神奈川県
1,相鉄バス（株）,浜11,90.5,神奈川県
1,相鉄バス（株）,浜13,47.0,神奈川県
1,相鉄バス（株）,浜16,51.0,神奈川県
1,相鉄バス（株）,浜19,67.0,神奈川県
1,相鉄バス（株）,浜4,13.0,神奈川県
1,相鉄バス（株）,浜5,79.0,神奈川県
1,相鉄バス（株）,浜7,46.0,神奈川県
1,相模神奈交バス,橋34,20.0,神奈川県
1,相模神奈交バス,橋36,36.0,神奈川県
1,相模神奈交バス,橋40,10.0,神奈川県
1,相模神奈交バス,橋41,5.0,神奈川県
1,相模神奈交バス,橋57,53.0,神奈川県
1,相模神奈交バス,橋59,21.0,神奈川県
1,大新東,金01,107.0,神奈川県
1,大新東,金02,107.0,神奈川県
1,中国JRバス（株）,広島〜東京　ニューブリーズ号,2.0,神奈川県
1,中国JRバス（株）,津和野・益田・浜田・三次〜東京　いわみエクスプレス,1.0,神奈川県
1,津久井神奈交バス,や01,7.0,神奈川県
1,津久井神奈交バス,や02,9.0,神奈川県
1,津久井神奈交バス,や03,3.0,神奈川県
1,津久井神奈交バス,橋01,91.0,神奈川県
1,津久井神奈交バス,湖21,25.0,神奈川県
1,津久井神奈交バス,湖22,19.0,神奈川県
1,津久井神奈交バス,湖23,6.0,神奈川県
1,津久井神奈交バス,湖25,11.0,神奈川県
1,津久井神奈交バス,湖28,15.0,神奈川県
1,津久井神奈交バス,湖30,9.0,神奈川県
1,津久井神奈交バス,三55,4.0,神奈川県
1,津久井神奈交バス,三56,2.0,神奈川県
1,津久井神奈交バス,篠01,1.0,神奈川県
1,津久井神奈交バス,野05,11.0,神奈川県
1,津久井神奈交バス,野08,8.0,神奈川県
1,津久井神奈交バス,野11,13.0,神奈川県
1,土佐電気鉄道（株）,ブルーメッツ号　高知⇔東京線,1.0,神奈川県
1,東急バス（株）,あ24,14.0,神奈川県
1,東急バス（株）,あ25,11.0,神奈川県
1,東急バス（株）,あ27,195.0,神奈川県
1,東急バス（株）,あ28,18.0,神奈川県
1,東急バス（株）,あ29,21.0,神奈川県
1,東急バス（株）,あ71,82.0,神奈川県
1,東急バス（株）,あ72,49.0,神奈川県
1,東急バス（株）,センター南駅〜羽田空港,10.0,神奈川県
1,東急バス（株）,センター南駅〜成田空港,4.0,神奈川県
1,東急バス（株）,センター北駅〜羽田空港,10.0,神奈川県
1,東急バス（株）,た26,22.0,神奈川県
1,東急バス（株）,た31,21.0,神奈川県
1,東急バス（株）,た41,168.0,神奈川県
1,東急バス（株）,た51,17.0,神奈川県
1,東急バス（株）,た61,37.0,神奈川県
1,東急バス（株）,た62,20.0,神奈川県
1,東急バス（株）,た63,38.0,神奈川県
1,東急バス（株）,た71,47.0,神奈川県
1,東急バス（株）,た81,29.0,神奈川県
1,東急バス（株）,た82,47.0,神奈川県
1,東急バス（株）,た91,42.0,神奈川県
1,東急バス（株）,た92,23.0,神奈川県
1,東急バス（株）,た93,2.0,神奈川県
1,東急バス（株）,たまプラーザ駅〜羽田空港,16.0,神奈川県
1,東急バス（株）,たまプラーザ駅〜成田空港,8.0,神奈川県
1,東急バス（株）,たまプラーザ駅〜東京ディズニーリゾート,5.0,神奈川県
1,東急バス（株）,柿01,46.5,神奈川県
1,東急バス（株）,柿02,38.0,神奈川県
1,東急バス（株）,柿23,31.0,神奈川県
1,東急バス（株）,梶01,145.0,神奈川県
1,東急バス（株）,宮01,5.0,神奈川県
1,東急バス（株）,宮02,9.0,神奈川県
1,東急バス（株）,宮06,44.0,神奈川県
1,東急バス（株）,向01,50.0,神奈川県
1,東急バス（株）,向02,15.0,神奈川県
1,東急バス（株）,溝02,94.0,神奈川県
1,東急バス（株）,溝03,21.0,神奈川県
1,東急バス（株）,溝22,109.0,神奈川県
1,東急バス（株）,溝の口駅〜新横浜駅,39.0,神奈川県
1,東急バス（株）,高速ニュータウン線,1.0,神奈川県
1,東急バス（株）,高速新横浜線,1.8,神奈川県
1,東急バス（株）,高速青葉台線,2.4,神奈川県
1,東急バス（株）,高速二子玉川線,1.2,神奈川県
1,東急バス（株）,崎01,999.9,神奈川県
1,東急バス（株）,鷺01,80.0,神奈川県
1,東急バス（株）,鷺02,112.0,神奈川県
1,東急バス（株）,鷺03,30.0,神奈川県
1,東急バス（株）,鷺04,34.0,神奈川県
1,東急バス（株）,鷺05,9.0,神奈川県
1,東急バス（株）,鷺11,89.0,神奈川県
1,東急バス（株）,鷺12,20.0,神奈川県
1,東急バス（株）,鷺21,1.0,神奈川県
1,東急バス（株）,鷺22,1.0,神奈川県
1,東急バス（株）,市03,62.0,神奈川県
1,東急バス（株）,市43,61.0,神奈川県
1,東急バス（株）,市61,21.0,神奈川県
1,東急バス（株）,市62,40.0,神奈川県
1,東急バス（株）,市71,10.0,神奈川県
1,東急バス（株）,市72,17.0,神奈川県
1,東急バス（株）,十91,42.0,神奈川県
1,東急バス（株）,渋12,55.0,神奈川県
1,東急バス（株）,城01,83.0,神奈川県
1,東急バス（株）,新21,2.0,神奈川県
1,東急バス（株）,新23,29.0,神奈川県
1,東急バス（株）,新25,15.0,神奈川県
1,東急バス（株）,新横81,2.0,神奈川県
1,東急バス（株）,新百合ヶ丘駅〜羽田空港,5.0,神奈川県
1,東急バス（株）,新百合ヶ丘駅〜成田空港,8.0,神奈川県
1,東急バス（株）,杉06,53.0,神奈川県
1,東急バス（株）,杉09,46.0,神奈川県
1,東急バス（株）,青01,100.0,神奈川県
1,東急バス（株）,青118,64.0,神奈川県
1,東急バス（株）,青23,76.0,神奈川県
1,東急バス（株）,青27,20.0,神奈川県
1,東急バス（株）,青28,83.0,神奈川県
1,東急バス（株）,青30,14.0,神奈川県
1,東急バス（株）,青31,169.0,神奈川県
1,東急バス（株）,青32,16.0,神奈川県
1,東急バス（株）,青33,28.0,神奈川県
1,東急バス（株）,青51,21.0,神奈川県
1,東急バス（株）,青52,29.0,神奈川県
1,東急バス（株）,青55,17.0,神奈川県
1,東急バス（株）,青61,172.0,神奈川県
1,東急バス（株）,青81,11.0,神奈川県
1,東急バス（株）,青82,70.0,神奈川県
1,東急バス（株）,青83,39.0,神奈川県
1,東急バス（株）,青90,34.0,神奈川県
1,東急バス（株）,川31,29.0,神奈川県
1,東急バス（株）,川32,22.0,神奈川県
1,東急バス（株）,川33,19.0,神奈川県
1,東急バス（株）,中山駅〜成田空港,4.0,神奈川県
1,東急バス（株）,直行,111.0,神奈川県
1,東急バス（株）,南31,18.0,神奈川県
1,東急バス（株）,南51,999.9,神奈川県
1,東急バス（株）,日21,41.0,神奈川県
1,東急バス（株）,日22,197.0,神奈川県
1,東急バス（株）,日23,114.0,神奈川県
1,東急バス（株）,日40,34.0,神奈川県
1,東急バス（株）,日41,15.0,神奈川県
1,東急バス（株）,日51,81.0,神奈川県
1,東急バス（株）,日81,2.0,神奈川県
1,東急バス（株）,日91,64.0,神奈川県
1,東急バス（株）,日92,95.0,神奈川県
1,東急バス（株）,日93,35.0,神奈川県
1,東急バス（株）,日94,44.0,神奈川県
1,東急バス（株）,反01,119.0,神奈川県
1,東急バス（株）,北31,28.0,神奈川県
1,東急バス（株）,北51,999.9,神奈川県
1,東急バス（株）,網44,25.0,神奈川県
1,東急バス（株）,網45,20.0,神奈川県
1,東急バス（株）,網47,6.0,神奈川県
1,東急バス（株）,網48,34.0,神奈川県
1,東急バス（株）,網49,2.0,神奈川県
1,東急バス（株）,網50,3.0,神奈川県
1,東急バス（株）,網71,76.0,神奈川県
1,東急バス（株）,網72,29.0,神奈川県
1,東急バス（株）,網73,3.0,神奈川県
1,東急バス（株）,網74,60.0,神奈川県
1,東急バス（株）,網79,84.0,神奈川県
1,東急バス・東急トランセ,渋12,36.0,神奈川県
1,東京ベイサービス,川崎木更津線,35.0,神奈川県
1,東京空港交通（株）,みなとみらいエリア〜成田空港線,4.0,神奈川県
1,東京空港交通（株）,横浜シティエアターミナル〜成田空港線,24.0,神奈川県
1,東京空港交通（株）,新横浜エリア〜成田空港線,5.0,神奈川県
1,東京空港交通（株）,木更津エリア〜羽田空港線,7.0,神奈川県
1,東濃鉄道（株）,中央ライナー号,1.0,神奈川県
1,東北急行バス（株）,フライングスニーカー京都・茨木号,1.0,神奈川県
1,東北急行バス（株）,フライングスニーカー大坂号,1.0,神奈川県
1,東北急行バス（株）,フライングライナー号,1.0,神奈川県
1,東北急行バス（株）,ままかりライナー,1.0,神奈川県
1,藤沢神奈交バス,間10,24.0,神奈川県
1,藤沢神奈交バス,間12,31.0,神奈川県
1,藤沢神奈交バス,間13,26.0,神奈川県
1,藤沢神奈交バス,間17,16.0,神奈川県
1,藤沢神奈交バス,藤01,110.0,神奈川県
1,藤沢神奈交バス,藤101,48.0,神奈川県
1,藤沢神奈交バス,藤102,7.0,神奈川県
1,藤沢神奈交バス,藤103,11.0,神奈川県
1,藤沢神奈交バス,林03,62.0,神奈川県
1,藤沢神奈交バス,六01,16.0,神奈川県
1,藤沢神奈交バス,六02,0.0,神奈川県
1,藤沢神奈交バス,六03,0.0,神奈川県
1,藤沢神奈交バス,六04,44.0,神奈川県
1,藤沢神奈交バス,六05,2.0,神奈川県
1,藤沢神奈交バス,六06,2.0,神奈川県
1,徳島バス（株）,徳島⇔東京,2.0,神奈川県
1,奈良交通（株）,やまと号　五條-新宿線,1.0,神奈川県
1,奈良交通（株）,やまと号　奈良-新宿線,1.0,神奈川県
1,奈良交通（株）,やまと号　奈良-東京ディズニーリゾート・横浜線,1.0,神奈川県
1,南海バス（株）,堺・大阪（なんば）⇔新宿・東京,1.0,神奈川県
1,南海バス（株）,堺・大阪（なんば）・京都⇔小田原・藤沢・鎌倉,1.0,神奈川県
1,南海バス（株）,神戸・大阪（なんば）・京都⇔立川・昭島・玉川上水（東京）,1.0,神奈川県
1,南海バス（株）,大阪（なんば）・京都⇔秋葉原・成田空港・銚子,1.0,神奈川県
1,南海バス（株）,和歌山・和泉中央・堺東⇔新宿・東京,1.0,神奈川県
1,日ノ丸自動車（株）,東京‐鳥取・倉吉線,1.0,神奈川県
1,日ノ丸自動車（株）,東京‐米子線,1.0,神奈川県
1,日東交通,アクシー号,5.0,神奈川県
1,日東交通,館山〜羽田空港・横浜駅線,4.0,神奈川県
1,日東交通,君津〜羽田空港線,8.0,神奈川県
1,日東交通,君津〜東京線,23.5,神奈川県
1,日東交通,房総なのはな号,7.0,神奈川県
1,日東交通,木更津〜羽田空港線,10.0,神奈川県
1,日東交通,木更津〜横浜線,10.0,神奈川県
1,日東交通,木更津〜川崎線,7.0,神奈川県
1,日東交通,木更津〜東京線,16.0,神奈川県
1,日東交通,木更津〜品川線,49.5,神奈川県
1,日本交通（株）,鳥取・倉吉〜東京線,1.0,神奈川県
1,日本交通（株）,米子〜東京線,1.0,神奈川県
1,日本中央バス（株）,シルクライナー,5.0,神奈川県
1,日本中央バス（株）,東海ライナー,2.0,神奈川県
1,濃飛乗合自動車（株）,新宿線,2.0,神奈川県
1,箱根登山バス,G’05,0.0,神奈川県
1,箱根登山バス,G01,2.0,神奈川県
1,箱根登山バス,G02,2.5,神奈川県
1,箱根登山バス,G03,4.0,神奈川県
1,箱根登山バス,H01,33.5,神奈川県
1,箱根登山バス,H02,47.0,神奈川県
1,箱根登山バス,H03,1.5,神奈川県
1,箱根登山バス,H04,16.0,神奈川県
1,箱根登山バス,H05,4.0,神奈川県
1,箱根登山バス,H06,2.0,神奈川県
1,箱根登山バス,K’04,0.5,神奈川県
1,箱根登山バス,K01,0.5,神奈川県
1,箱根登山バス,K02,9.0,神奈川県
1,箱根登山バス,K03,16.0,神奈川県
1,箱根登山バス,L01,1.0,神奈川県
1,箱根登山バス,M’04,1.0,神奈川県
1,箱根登山バス,M01,4.0,神奈川県
1,箱根登山バス,M03,1.0,神奈川県
1,箱根登山バス,R01,1.5,神奈川県
1,箱根登山バス,R02,1.0,神奈川県
1,箱根登山バス,R03,2.5,神奈川県
1,箱根登山バス,R04,0.0,神奈川県
1,箱根登山バス,S01,24.0,神奈川県
1,箱根登山バス,S02,2.0,神奈川県
1,箱根登山バス,S03,5.0,神奈川県
1,箱根登山バス,S04,0.0,神奈川県
1,箱根登山バス,S05,24.0,神奈川県
1,箱根登山バス,S06,1.0,神奈川県
1,箱根登山バス,S07,6.0,神奈川県
1,箱根登山バス,T01,3.0,神奈川県
1,箱根登山バス,T02,37.5,神奈川県
1,箱根登山バス,T03,1.0,神奈川県
1,箱根登山バス,T04,9.5,神奈川県
1,箱根登山バス,Y01,0.0,神奈川県
1,箱根登山バス,Y02,0.0,神奈川県
1,箱根登山バス,関01,2.0,神奈川県
1,箱根登山バス,関02,1.0,神奈川県
1,箱根登山バス,関03,1.0,神奈川県
1,箱根登山バス,関04,1.8,神奈川県
1,箱根登山バス,関05,1.0,神奈川県
1,箱根登山バス,関06,9.0,神奈川県
1,箱根登山バス,関07,1.5,神奈川県
1,箱根登山バス,関08,53.0,神奈川県
1,箱根登山バス,関09,0.5,神奈川県
1,箱根登山バス,関10,6.0,神奈川県
1,箱根登山バス,関11,0.5,神奈川県
1,箱根登山バス,関12,1.0,神奈川県
1,箱根登山バス,関13,1.0,神奈川県
1,箱根登山バス,関14,2.0,神奈川県
1,箱根登山バス,関15,1.0,神奈川県
1,箱根登山バス,関16,2.0,神奈川県
1,箱根登山バス,関17,7.9,神奈川県
1,箱根登山バス,関18,3.0,神奈川県
1,箱根登山バス,関19,0.5,神奈川県
1,箱根登山バス,関20,1.0,神奈川県
1,箱根登山バス,関21,1.0,神奈川県
1,箱根登山バス,関51,0.0,神奈川県
1,箱根登山バス,関52,0.0,神奈川県
1,箱根登山バス,小01,1.0,神奈川県
1,箱根登山バス,小02,1.0,神奈川県
1,箱根登山バス,小03,10.0,神奈川県
1,箱根登山バス,小04,1.0,神奈川県
1,箱根登山バス,小05,11.0,神奈川県
1,箱根登山バス,小06,85.0,神奈川県
1,箱根登山バス,小07,3.0,神奈川県
1,箱根登山バス,小08,1.0,神奈川県
1,箱根登山バス,小09,3.0,神奈川県
1,箱根登山バス,小10,1.0,神奈川県
1,箱根登山バス,小11,18.0,神奈川県
1,箱根登山バス,小12,2.0,神奈川県
1,箱根登山バス,小13,2.0,神奈川県
1,箱根登山バス,小14,4.0,神奈川県
1,箱根登山バス,小15,1.0,神奈川県
1,箱根登山バス,小16,6.0,神奈川県
1,箱根登山バス,小17,1.0,神奈川県
1,箱根登山バス,小18,3.0,神奈川県
1,箱根登山バス,小19,9.0,神奈川県
1,箱根登山バス,小20,7.0,神奈川県
1,箱根登山バス,小21,1.0,神奈川県
1,箱根登山バス,小22,3.0,神奈川県
1,箱根登山バス,小23,33.0,神奈川県
1,箱根登山バス,小24,1.0,神奈川県
1,箱根登山バス,小25,0.0,神奈川県
1,箱根登山バス,小26,14.0,神奈川県
1,箱根登山バス,小27,1.0,神奈川県
1,箱根登山バス,小28,0.5,神奈川県
1,箱根登山バス,小29,0.5,神奈川県
1,箱根登山バス,小30,4.0,神奈川県
1,箱根登山バス,小31,51.0,神奈川県
1,箱根登山バス,小32,0.5,神奈川県
1,箱根登山バス,小33,7.0,神奈川県
1,箱根登山バス,小34,0.0,神奈川県
1,箱根登山バス,小35,1.5,神奈川県
1,箱根登山バス,小36,2.0,神奈川県
1,箱根登山バス,小37,1.0,神奈川県
1,箱根登山バス,小38,7.0,神奈川県
1,箱根登山バス,小39,2.0,神奈川県
1,箱根登山バス,小40,1.5,神奈川県
1,箱根登山バス,小41,0.5,神奈川県
1,箱根登山バス,湯01,5.0,神奈川県
1,箱根登山バス,湯02,26.7,神奈川県
1,箱根登山バス,湯03,16.3,神奈川県
1,箱根登山バス,湯05,2.0,神奈川県
1,箱根登山バス,湯06,13.5,神奈川県
1,箱根登山バス,湯07,18.0,神奈川県
1,箱根登山バス,湯08,7.0,神奈川県
1,箱根登山バス,湯09,0.0,神奈川県
1,箱根登山バス,湯10,11.0,神奈川県
1,箱根登山バス,湯11,1.0,神奈川県
1,箱根登山バス,湯12,29.0,神奈川県
1,箱根登山バス,湯13,5.0,神奈川県
1,箱根登山バス,湯14,7.6,神奈川県
1,箱根登山バス,湯15,4.0,神奈川県
1,箱根登山バス,湯16,0.4,神奈川県
1,箱根登山バス,湯51,999.9,神奈川県
1,富士急シティバス（株）,さんさんぬまづ・新宿号,2.5,神奈川県
1,富士急シティバス（株）,さんさんぬまづ・東京号,3.0,神奈川県
1,富士急シティバス（株）,みしまコロッケ号,1.5,神奈川県
1,富士急行（株）,かぐや姫EXPRESS,3.0,神奈川県
1,富士急行（株）,ハイランドライナー,0.2,神奈川県
1,富士急行（株）,みしまコロッケ号,1.5,神奈川県
1,富士急行（株）,ヤキソバEXPRESS,5.5,神奈川県
1,富士急行（株）,レイクライナー,3.2,神奈川県
1,富士急行（株）,伊那・駒ヶ根〜新宿線,16.0,神奈川県
1,富士急行（株）,河口湖〜渋川・前橋・高崎線,0.3,神奈川県
1,富士急行（株）,河口湖〜大宮・川越・所沢線,0.7,神奈川県
1,富士急行（株）,河口湖〜津田沼・西船橋・新浦安線,0.3,神奈川県
1,富士急行（株）,河口湖〜東京・市が尾線,8.2,神奈川県
1,富士急行（株）,御殿場プレミアム・アウトレット〜横浜線,0.0,神奈川県
1,富士急行（株）,甲府〜新宿線,27.0,神奈川県
1,富士急行（株）,小田原〜成田空港線,3.0,神奈川県
1,富士急行（株）,小田原・新松田・沼津〜大阪・京都線,1.0,神奈川県
1,富士急行（株）,沼津〜新宿・渋谷線,2.5,神奈川県
1,富士急行（株）,沼津〜東京線,3.0,神奈川県
1,富士急行（株）,新富士・沼津・御殿場〜成田空港線,2.0,神奈川県
1,富士急行（株）,諏訪・岡谷〜新宿線,15.0,神奈川県
1,富士急行（株）,早朝線東京ライナー,0.0,神奈川県
1,富士急行（株）,富士宮・富士・沼津〜羽田空港・横浜線,2.0,神奈川県
1,富士急行（株）,富士五湖〜新宿線,37.4,神奈川県
1,富士急行（株）,富士山五合目〜新宿線,1.0,神奈川県
1,富士急山梨バス（株）,河口湖〜大宮・川越・所沢線,0.7,神奈川県
1,富士急湘南バス（株）,ハイランドライナー,0.0,神奈川県
1,富士急湘南バス（株）,小18,0.0,神奈川県
1,富士急湘南バス（株）,小田原〜成田空港線,3.0,神奈川県
1,富士急湘南バス（株）,小田原・新松田・沼津〜大坂・京都線,1.0,神奈川県
1,富士急湘南バス（株）,松95,0.0,神奈川県
1,富士急静岡バス（株）,かぐや姫EXPRESS,2.5,神奈川県
1,富士急静岡バス（株）,ヤキソバEXPRESS,5.5,神奈川県
1,富士急静岡バス（株）,新富士・沼津・御殿場〜成田空港線,2.0,神奈川県
1,富士急静岡バス（株）,富士宮・富士・沼津〜羽田空港・横浜線,4.0,神奈川県
1,富士急平和観光（株）,甲府〜新宿線,27.0,神奈川県
1,福井鉄道（株）,福井⇔東京,3.0,神奈川県
1,福島交通（株）,福島高速バスターミナル〜大阪あべの橋,1.0,神奈川県
1,豊鉄バス（株）,田原〜練馬,1.0,神奈川県
1,防長交通（株）,萩・山口・防府・徳山・岩国〜東京,1.0,神奈川県
1,北陸鉄道（株）,高速バス　金沢⇔横浜,1.0,神奈川県
1,名鉄バス（株）,名古屋〜新宿,4.0,神奈川県
1,名鉄バス（株）,名古屋〜仙台,1.0,神奈川県
1,立川バス（株）,立川駅〜京都・大阪〜神戸三宮線,1.0,神奈川県
1,両備ホールディングス（株）,マスカット　倉敷〜新宿線,1.0,神奈川県
1,両備ホールディングス（株）,ままかりライナー　倉敷・岡山〜東京駅八重洲通り線,1.0,神奈川県
1,両備ホールディングス（株）,ルブラン　倉敷・岡山・津山〜東京線,1.0,神奈川県
1,和歌山バス（株）,サウスウエーブ号和歌山・堺⇔横浜・上野・東京ディズニーリゾート・海浜幕張,1.0,神奈川県
2,横浜市,A（中区・磯子区）（ふれあいバス）,2.0,神奈川県
2,横浜市,A（緑区）（ふれあいバス）,2.0,神奈川県
2,横浜市,B（あかいくつ）,25.0,神奈川県
2,横浜市,C（あかいくつ）,25.0,神奈川県
2,横浜市,D（あかいくつ）,25.0,神奈川県
2,横浜市,磯・本58,49.0,神奈川県
2,横浜市,磯・本8,68.5,神奈川県
2,横浜市,磯10,20.0,神奈川県
2,横浜市,磯113,56.0,神奈川県
2,横浜市,磯215,46.0,神奈川県
2,横浜市,磯293,17.0,神奈川県
2,横浜市,磯294,6.0,神奈川県
2,横浜市,磯58,8.0,神奈川県
2,横浜市,磯63,5.5,神奈川県
2,横浜市,磯64,32.0,神奈川県
2,横浜市,磯70,66.0,神奈川県
2,横浜市,磯85,32.5,神奈川県
2,横浜市,磯94,4.0,神奈川県
2,横浜市,磯99,38.0,神奈川県
2,横浜市,若,999.9,神奈川県
2,横浜市,若23,194.0,神奈川県
2,横浜市,若321,4.0,神奈川県
2,横浜市,若40,28.5,神奈川県
2,横浜市,若55,44.5,神奈川県
2,横浜市,若65,147.0,神奈川県
2,横浜市,若73,16.0,神奈川県
2,横浜市,若74,46.0,神奈川県
2,横浜市,若80,21.0,神奈川県
2,横浜市,若90,34.0,神奈川県
2,横浜市,浅・保50,80.0,神奈川県
2,横浜市,浅・本105,103.0,神奈川県
2,横浜市,浅・本106,41.5,神奈川県
2,横浜市,浅・本26,75.0,神奈川県
2,横浜市,浅・緑82,44.5,神奈川県
2,横浜市,浅106,45.5,神奈川県
2,横浜市,浅201,150.0,神奈川県
2,横浜市,浅202,160.0,神奈川県
2,横浜市,浅291,7.0,神奈川県
2,横浜市,浅292,4.0,神奈川県
2,横浜市,浅293,18.0,神奈川県
2,横浜市,浅31,21.0,神奈川県
2,横浜市,浅44,57.0,神奈川県
2,横浜市,浅53,47.5,神奈川県
2,横浜市,浅59,30.0,神奈川県
2,横浜市,浅82,20.5,神奈川県
2,横浜市,浅83,36.5,神奈川県
2,横浜市,浅87,62.0,神奈川県
2,横浜市,滝,999.9,神奈川県
2,横浜市,滝（100円バス）,0.0,神奈川県
2,横浜市,滝・本103,76.0,神奈川県
2,横浜市,滝101,63.0,神奈川県
2,横浜市,滝102,83.0,神奈川県
2,横浜市,滝103,11.0,神奈川県
2,横浜市,滝133,24.0,神奈川県
2,横浜市,滝135,32.0,神奈川県
2,横浜市,滝156,35.5,神奈川県
2,横浜市,滝158,40.5,神奈川県
2,横浜市,滝21,77.0,神奈川県
2,横浜市,滝219,45.0,神奈川県
2,横浜市,滝68,23.5,神奈川県
2,横浜市,滝78,58.0,神奈川県
2,横浜市,滝9,57.5,神奈川県
2,横浜市,鶴,1.0,神奈川県
2,横浜市,鶴128,59.5,神奈川県
2,横浜市,鶴15,128.0,神奈川県
2,横浜市,鶴155,48.5,神奈川県
2,横浜市,鶴16,50.0,神奈川県
2,横浜市,鶴17,38.0,神奈川県
2,横浜市,鶴18,28.0,神奈川県
2,横浜市,鶴181,87.0,神奈川県
2,横浜市,鶴19,36.0,神奈川県
2,横浜市,鶴213,51.0,神奈川県
2,横浜市,鶴29,32.5,神奈川県
2,横浜市,鶴320,4.0,神奈川県
2,横浜市,鶴46,2.0,神奈川県
2,横浜市,鶴48,47.5,神奈川県
2,横浜市,鶴7,34.5,神奈川県
2,横浜市,鶴86,6.0,神奈川県
2,横浜市,南,2.0,神奈川県
2,横浜市,南107,80.0,神奈川県
2,横浜市,南108,25.5,神奈川県
2,横浜市,南111,68.5,神奈川県
2,横浜市,南112,54.5,神奈川県
2,横浜市,南130,23.0,神奈川県
2,横浜市,南2,36.0,神奈川県
2,横浜市,南217,13.0,神奈川県
2,横浜市,南45,94.5,神奈川県
2,横浜市,南51,131.0,神奈川県
2,横浜市,南52,11.0,神奈川県
2,横浜市,保,999.9,神奈川県
2,横浜市,保・浅34,58.0,神奈川県
2,横浜市,保・浅35,76.0,神奈川県
2,横浜市,保・滝101,62.5,神奈川県
2,横浜市,保210,139.5,神奈川県
2,横浜市,保211,29.5,神奈川県
2,横浜市,保212,78.5,神奈川県
2,横浜市,保218,45.0,神奈川県
2,横浜市,保22,23.5,神奈川県
2,横浜市,保25,95.5,神奈川県
2,横浜市,保28,3.0,神奈川県
2,横浜市,保32,25.0,神奈川県
2,横浜市,保5,25.5,神奈川県
2,横浜市,保62,29.5,神奈川県
2,横浜市,保75,90.0,神奈川県
2,横浜市,保79,57.5,神奈川県
2,横浜市,保89,44.0,神奈川県
2,横浜市,保92,56.5,神奈川県
2,横浜市,北,3.5,神奈川県
2,横浜市,北・鶴13,137.0,神奈川県
2,横浜市,北・鶴27,38.0,神奈川県
2,横浜市,北104,87.0,神奈川県
2,横浜市,北129,21.0,神奈川県
2,横浜市,北14,9.0,神奈川県
2,横浜市,北300,40.5,神奈川県
2,横浜市,北301,58.0,神奈川県
2,横浜市,北302,29.5,神奈川県
2,横浜市,北304,28.0,神奈川県
2,横浜市,北308,23.0,神奈川県
2,横浜市,北38,38.5,神奈川県
2,横浜市,北41,126.5,神奈川県
2,横浜市,北6,13.0,神奈川県
2,横浜市,北67,11.5,神奈川県
2,横浜市,北88,11.0,神奈川県
2,横浜市,本,3.0,神奈川県
2,横浜市,本105,115.0,神奈川県
2,横浜市,本109,22.5,神奈川県
2,横浜市,本148,20.0,神奈川県
2,横浜市,本20,55.0,神奈川県
2,横浜市,本222,35.0,神奈川県
2,横浜市,本54,54.0,神奈川県
2,横浜市,本91,11.5,神奈川県
2,横浜市,本97,52.0,神奈川県
2,横浜市,緑,3.0,神奈川県
2,横浜市,緑　鴨居・東本郷,42.5,神奈川県
2,横浜市,緑・浅36,104.5,神奈川県
2,横浜市,緑1,42.0,神奈川県
2,横浜市,緑119,28.0,神奈川県
2,横浜市,緑12,103.0,神奈川県
2,横浜市,緑124,49.0,神奈川県
2,横浜市,緑136,11.0,神奈川県
2,横浜市,緑305,87.5,神奈川県
2,横浜市,緑306,41.5,神奈川県
2,横浜市,緑310,8.0,神奈川県
2,横浜市,緑311,17.0,神奈川県
2,横浜市,緑33,4.0,神奈川県
2,横浜市,緑36,70.0,神奈川県
2,横浜市,緑39,56.0,神奈川県
2,横浜市,緑56,64.0,神奈川県
2,川崎市,柿03,1.0,神奈川県
2,川崎市,柿04,3.0,神奈川県
2,川崎市,鷺02,37.0,神奈川県
2,川崎市,循環,128.0,神奈川県
2,川崎市,城11,60.0,神奈川県
2,川崎市,新10,37.0,神奈川県
2,川崎市,新11,4.0,神奈川県
2,川崎市,杉01,6.0,神奈川県
2,川崎市,杉02,8.5,神奈川県
2,川崎市,川03,88.0,神奈川県
2,川崎市,川04,120.5,神奈川県
2,川崎市,川05,71.5,神奈川県
2,川崎市,川07,38.5,神奈川県
2,川崎市,川10,164.5,神奈川県
2,川崎市,川13,59.5,神奈川県
2,川崎市,川15,16.0,神奈川県
2,川崎市,川21,6.5,神奈川県
2,川崎市,川40,155.0,神奈川県
2,川崎市,川55,0.0,神奈川県
2,川崎市,川63,102.0,神奈川県
2,川崎市,川64,24.5,神奈川県
2,川崎市,川66,42.0,神奈川県
2,川崎市,川68,20.0,神奈川県
2,川崎市,川71,113.5,神奈川県
2,川崎市,川73,159.5,神奈川県
2,川崎市,川74,108.0,神奈川県
2,川崎市,川75,6.0,神奈川県
2,川崎市,川82,2.0,神奈川県
2,川崎市,川83,72.5,神奈川県
2,川崎市,直通,26.0,神奈川県
3,愛川町,愛川・高峰ルート,6.0,神奈川県
3,愛川町,中津西南部ルート,6.0,神奈川県
3,愛川町,中津東部・小沢ルート,6.0,神奈川県
3,綾瀬市,1号車,10.0,神奈川県
3,綾瀬市,2号車,7.0,神奈川県
3,綾瀬市,3号車,9.0,神奈川県
3,綾瀬市,4号車,5.0,神奈川県
3,綾瀬市,5号車,5.0,神奈川県
3,稲城市,001,6.0,神奈川県
3,稲城市,左回り・右回り,20.0,神奈川県
3,海老名市,国分ルート,10.0,神奈川県
3,海老名市,上今泉ルート,9.0,神奈川県
3,海老名市,大谷・杉久保ルート,9.0,神奈川県
3,海老名市,本郷ルート,8.0,神奈川県
3,茅ヶ崎市,中海岸南湖循環私立病院線,26.0,神奈川県
3,茅ヶ崎市,鶴嶺私立病院線,10.0,神奈川県
3,茅ヶ崎市,東部循環市立病院線,9.0,神奈川県
3,茅ヶ崎市,北部循環市立病院線,20.0,神奈川県
3,寒川町,東ルート,10.0,神奈川県
3,寒川町,南ルート,6.0,神奈川県
3,寒川町,北ルート,10.0,神奈川県
3,座間市,さがみ野コース,4.0,神奈川県
3,座間市,小松原・相模が丘（循環）コース,9.0,神奈川県
3,座間市,小田急相模原方面（循環）コース,4.0,神奈川県
3,座間市,西部地区（循環）コース,4.0,神奈川県
3,座間市,東原・ひばりヶ丘南コース,4.0,神奈川県
3,山北町,西部循環線,6.0,神奈川県
3,山北町,東部循環,3.0,神奈川県
3,山北町,南部循環線,15.0,神奈川県
3,真鶴町,岩方面（まわりコース）,3.5,神奈川県
3,真鶴町,真鶴方面（まわりコース）,4.0,神奈川県
3,相模原市,橋30,11.5,神奈川県
3,大磯町,国府支所〜二宮診療所線,5.5,神奈川県
3,大和市,南部ルート,11.0,神奈川県
3,大和市,北部ルート右回り,6.0,神奈川県
3,大和市,北部ルート左回り,6.0,神奈川県
3,町田市,まちっこ町28,3.0,神奈川県
3,湯河原町,湯河原町循環線,11.0,神奈川県
3,二宮町,二宮町循環線,4.0,神奈川県
3,平塚市,横内ルート,2.0,神奈川県
3,平塚市,神田ルート,1.5,神奈川県
